
> refine_control_plane@0.1.0 dev
> next dev -p 3100

⚠ You are using a non-standard "NODE_ENV" value in your environment. This creates inconsistencies in the project and is strongly advised against. Read more: https://nextjs.org/docs/messages/non-standard-node-env
▲ Next.js 16.2.3 (Turbopack)
- Local:         http://localhost:3100
- Network:       http://192.168.1.61:3100
- Environments: .env.local
✓ Ready in 546ms

  We detected TypeScript in your project and reconfigured your tsconfig.json file for you.
  The following suggested values were added to your tsconfig.json. These values can be changed to fit your project's needs:

  	- include was updated to add '.next/dev/dev/types/**/*.ts'

⚠ You are using a non-standard "NODE_ENV" value in your environment. This creates inconsistencies in the project and is strongly advised against. Read more: https://nextjs.org/docs/messages/non-standard-node-env

[browser] [Mesh API] Tekrar deneniyor... (1/2) -> URL: /api/v1/workflows?_end=10&_order=desc&_sort=started_at&_start=0 (src/lib/api.ts:120:25)
[browser] [Mesh API] Tekrar deneniyor... (1/2) -> URL: /api/v1/workflows/stats/summary (src/lib/api.ts:120:25)
[browser] [Mesh API] Tekrar deneniyor... (1/2) -> URL: /api/v1/workflows/stats/summary? (src/lib/api.ts:120:25)
[browser] [Mesh API] Tekrar deneniyor... (1/2) -> URL: /api/v1/workflows/stats/summary (src/lib/api.ts:120:25)
[browser] [Mesh API] Tekrar deneniyor... (1/2) -> URL: /api/v1/workflows?_end=10&_order=desc&_sort=started_at&_start=0 (src/lib/api.ts:120:25)
[browser] [Mesh API] Tekrar deneniyor... (1/2) -> URL: /api/v1/workflows/stats/summary (src/lib/api.ts:120:25)
[browser] [Mesh API] Tekrar deneniyor... (1/2) -> URL: /api/v1/workflows?_end=10&_order=desc&_sort=started_at&_start=0 (src/lib/api.ts:120:25)
[browser] [Mesh API] Tekrar deneniyor... (2/2) -> URL: /api/v1/workflows/stats/summary (src/lib/api.ts:120:25)
[browser] [Mesh API] Tekrar deneniyor... (2/2) -> URL: /api/v1/workflows?_end=10&_order=desc&_sort=started_at&_start=0 (src/lib/api.ts:120:25)
[browser] [Mesh API] Tekrar deneniyor... (2/2) -> URL: /api/v1/workflows/stats/summary? (src/lib/api.ts:120:25)
[browser] [Mesh API] Tekrar deneniyor... (2/2) -> URL: /api/v1/workflows/stats/summary (src/lib/api.ts:120:25)
[browser] [Mesh API] Tekrar deneniyor... (2/2) -> URL: /api/v1/workflows?_end=10&_order=desc&_sort=started_at&_start=0 (src/lib/api.ts:120:25)
[browser] [Mesh API] Tekrar deneniyor... (2/2) -> URL: /api/v1/workflows/stats/summary (src/lib/api.ts:120:25)
[browser] [Mesh API] Tekrar deneniyor... (2/2) -> URL: /api/v1/workflows?_end=10&_order=desc&_sort=started_at&_start=0 (src/lib/api.ts:120:25)
[browser] [Mesh API] İletişim tamamen çöktü: /api/v1/workflows/stats/summary. Hata: Failed to fetch 
    at safeFetchJson (src/lib/api.ts:229:13)
    at async WorkflowList.useCallback[load] (src/app/workflows/page.tsx:61:43)
  227 |
  228 |     // Tüm ağ denemeleri çöktü.
> 229 |     console.error(`[Mesh API] İletişim tamamen çöktü: ${url}. Hata: ${lastError?.message}`);
      |             ^
  230 |
  231 |     // 3. Degraded Mode: Çevrimdışı Geri Dönüş (Sealed Offline Cache)
  232 |     if (useOfflineFallback && typeof window !== 'undefined') { (src/lib/api.ts:229:13)
[browser] [Mesh API] İletişim tamamen çöktü: /api/v1/workflows?_end=10&_order=desc&_sort=started_at&_start=0. Hata: Failed to fetch 
    at safeFetchJson (src/lib/api.ts:229:13)
    at async WorkflowList.useCallback[load] (src/app/workflows/page.tsx:61:43)
  227 |
  228 |     // Tüm ağ denemeleri çöktü.
> 229 |     console.error(`[Mesh API] İletişim tamamen çöktü: ${url}. Hata: ${lastError?.message}`);
      |             ^
  230 |
  231 |     // 3. Degraded Mode: Çevrimdışı Geri Dönüş (Sealed Offline Cache)
  232 |     if (useOfflineFallback && typeof window !== 'undefined') { (src/lib/api.ts:229:13)
[browser] [Mesh API] İletişim tamamen çöktü: /api/v1/workflows/stats/summary?. Hata: Failed to fetch 
    at safeFetchJson (src/lib/api.ts:229:13)
    at async Object.get (src/lib/api.ts:319:22)
  227 |
  228 |     // Tüm ağ denemeleri çöktü.
> 229 |     console.error(`[Mesh API] İletişim tamamen çöktü: ${url}. Hata: ${lastError?.message}`);
      |             ^
  230 |
  231 |     // 3. Degraded Mode: Çevrimdışı Geri Dönüş (Sealed Offline Cache)
  232 |     if (useOfflineFallback && typeof window !== 'undefined') { (src/lib/api.ts:229:13)
[browser] [Mesh API] İletişim tamamen çöktü: /api/v1/workflows?_end=10&_order=desc&_sort=started_at&_start=0. Hata: Failed to fetch 
    at safeFetchJson (src/lib/api.ts:229:13)
    at async WorkflowList.useCallback[load] (src/app/workflows/page.tsx:61:43)
  227 |
  228 |     // Tüm ağ denemeleri çöktü.
> 229 |     console.error(`[Mesh API] İletişim tamamen çöktü: ${url}. Hata: ${lastError?.message}`);
      |             ^
  230 |
  231 |     // 3. Degraded Mode: Çevrimdışı Geri Dönüş (Sealed Offline Cache)
  232 |     if (useOfflineFallback && typeof window !== 'undefined') { (src/lib/api.ts:229:13)
[browser] [Mesh API] İletişim tamamen çöktü: /api/v1/workflows/stats/summary. Hata: Failed to fetch 
    at safeFetchJson (src/lib/api.ts:229:13)
    at async WorkflowList.useCallback[load] (src/app/workflows/page.tsx:61:43)
  227 |
  228 |     // Tüm ağ denemeleri çöktü.
> 229 |     console.error(`[Mesh API] İletişim tamamen çöktü: ${url}. Hata: ${lastError?.message}`);
      |             ^
  230 |
  231 |     // 3. Degraded Mode: Çevrimdışı Geri Dönüş (Sealed Offline Cache)
  232 |     if (useOfflineFallback && typeof window !== 'undefined') { (src/lib/api.ts:229:13)
[browser] [Mesh API] İletişim tamamen çöktü: /api/v1/workflows?_end=10&_order=desc&_sort=started_at&_start=0. Hata: Failed to fetch 
    at safeFetchJson (src/lib/api.ts:229:13)
    at async WorkflowList.useCallback[load] (src/app/workflows/page.tsx:61:43)
  227 |
  228 |     // Tüm ağ denemeleri çöktü.
> 229 |     console.error(`[Mesh API] İletişim tamamen çöktü: ${url}. Hata: ${lastError?.message}`);
      |             ^
  230 |
  231 |     // 3. Degraded Mode: Çevrimdışı Geri Dönüş (Sealed Offline Cache)
  232 |     if (useOfflineFallback && typeof window !== 'undefined') { (src/lib/api.ts:229:13)
[browser] [Mesh API] İletişim tamamen çöktü: /api/v1/workflows/stats/summary. Hata: Failed to fetch 
    at safeFetchJson (src/lib/api.ts:229:13)
    at async WorkflowList.useCallback[load] (src/app/workflows/page.tsx:61:43)
  227 |
  228 |     // Tüm ağ denemeleri çöktü.
> 229 |     console.error(`[Mesh API] İletişim tamamen çöktü: ${url}. Hata: ${lastError?.message}`);
      |             ^
  230 |
  231 |     // 3. Degraded Mode: Çevrimdışı Geri Dönüş (Sealed Offline Cache)
  232 |     if (useOfflineFallback && typeof window !== 'undefined') { (src/lib/api.ts:229:13)
[browser] [Mesh API] İletişim tamamen çöktü: /api/v1/repair-lab/benchmarks. Hata: Failed to fetch 
    at safeFetchJson (src/lib/api.ts:229:13)
    at async fetchData (src/app/repair-lab/page.tsx:52:30)
  227 |
  228 |     // Tüm ağ denemeleri çöktü.
> 229 |     console.error(`[Mesh API] İletişim tamamen çöktü: ${url}. Hata: ${lastError?.message}`);
      |             ^
  230 |
  231 |     // 3. Degraded Mode: Çevrimdışı Geri Dönüş (Sealed Offline Cache)
  232 |     if (useOfflineFallback && typeof window !== 'undefined') { (src/lib/api.ts:229:13)
[browser] [Mesh API] Tekrar deneniyor... (1/2) -> URL: /api/v1/repair-lab/tournaments (src/lib/api.ts:120:25)
○ Compiling /workflows ...
[browser] [Mesh API] Tekrar deneniyor... (2/2) -> URL: /api/v1/repair-lab/tournaments (src/lib/api.ts:120:25)
 GET /repair-lab 200 in 6.5s (next.js: 4.0s, application-code: 2.6s)
 GET /workflows 200 in 6.6s (next.js: 5.2s, application-code: 1356ms)
 GET /workflows 200 in 6.5s (next.js: 5.3s, application-code: 1285ms)
[browser] [Mesh API] Tekrar deneniyor... (1/2) -> URL: /api/v1/workflows/stats/summary (src/lib/api.ts:120:25)
[browser] [Mesh API] Tekrar deneniyor... (1/2) -> URL: /api/v1/workflows?_end=10&_order=desc&_sort=started_at&_start=0 (src/lib/api.ts:120:25)
[browser] [Mesh API] Tekrar deneniyor... (1/2) -> URL: /api/v1/workflows/stats/summary? (src/lib/api.ts:120:25)
[browser] [Mesh API] Tekrar deneniyor... (1/2) -> URL: /api/v1/workflows/stats/summary? (src/lib/api.ts:120:25)
[browser] [Mesh API] Tekrar deneniyor... (1/2) -> URL: /api/v1/workflows/stats/summary (src/lib/api.ts:120:25)
[browser] [Mesh API] Tekrar deneniyor... (1/2) -> URL: /api/v1/workflows?_end=10&_order=desc&_sort=started_at&_start=0 (src/lib/api.ts:120:25)
[browser] [Mesh API] Tekrar deneniyor... (1/2) -> URL: /api/v1/workflows/stats/summary (src/lib/api.ts:120:25)
[browser] [Mesh API] Tekrar deneniyor... (1/2) -> URL: /api/v1/workflows?_end=10&_order=desc&_sort=started_at&_start=0 (src/lib/api.ts:120:25)
[browser] [Mesh API] Tekrar deneniyor... (1/2) -> URL: /api/v1/repair-lab/benchmarks (src/lib/api.ts:120:25)
[browser] [Mesh API] Tekrar deneniyor... (2/2) -> URL: /api/v1/workflows/stats/summary (src/lib/api.ts:120:25)
[browser] [Mesh API] Tekrar deneniyor... (2/2) -> URL: /api/v1/workflows?_end=10&_order=desc&_sort=started_at&_start=0 (src/lib/api.ts:120:25)
[browser] [Mesh API] Tekrar deneniyor... (2/2) -> URL: /api/v1/workflows/stats/summary? (src/lib/api.ts:120:25)
[browser] [Mesh API] Tekrar deneniyor... (2/2) -> URL: /api/v1/workflows/stats/summary? (src/lib/api.ts:120:25)
[browser] [Mesh API] Tekrar deneniyor... (2/2) -> URL: /api/v1/repair-lab/benchmarks (src/lib/api.ts:120:25)
[browser] [Mesh API] Tekrar deneniyor... (2/2) -> URL: /api/v1/workflows?_end=10&_order=desc&_sort=started_at&_start=0 (src/lib/api.ts:120:25)
[browser] [Mesh API] Tekrar deneniyor... (2/2) -> URL: /api/v1/workflows/stats/summary (src/lib/api.ts:120:25)
[browser] [Mesh API] Tekrar deneniyor... (2/2) -> URL: /api/v1/workflows?_end=10&_order=desc&_sort=started_at&_start=0 (src/lib/api.ts:120:25)
[browser] [Mesh API] Tekrar deneniyor... (2/2) -> URL: /api/v1/workflows/stats/summary (src/lib/api.ts:120:25)
[browser] [Mesh API] İletişim tamamen çöktü: /api/v1/workflows/stats/summary. Hata: Failed to fetch 
    at safeFetchJson (src/lib/api.ts:229:13)
    at async WorkflowList.useCallback[load] (src/app/workflows/page.tsx:61:43)
  227 |
  228 |     // Tüm ağ denemeleri çöktü.
> 229 |     console.error(`[Mesh API] İletişim tamamen çöktü: ${url}. Hata: ${lastError?.message}`);
      |             ^
  230 |
  231 |     // 3. Degraded Mode: Çevrimdışı Geri Dönüş (Sealed Offline Cache)
  232 |     if (useOfflineFallback && typeof window !== 'undefined') { (src/lib/api.ts:229:13)
[browser] [Mesh API] İletişim tamamen çöktü: /api/v1/workflows?_end=10&_order=desc&_sort=started_at&_start=0. Hata: Failed to fetch 
    at safeFetchJson (src/lib/api.ts:229:13)
    at async WorkflowList.useCallback[load] (src/app/workflows/page.tsx:61:43)
  227 |
  228 |     // Tüm ağ denemeleri çöktü.
> 229 |     console.error(`[Mesh API] İletişim tamamen çöktü: ${url}. Hata: ${lastError?.message}`);
      |             ^
  230 |
  231 |     // 3. Degraded Mode: Çevrimdışı Geri Dönüş (Sealed Offline Cache)
  232 |     if (useOfflineFallback && typeof window !== 'undefined') { (src/lib/api.ts:229:13)
[browser] [Mesh API] İletişim tamamen çöktü: /api/v1/workflows/stats/summary?. Hata: Failed to fetch 
    at safeFetchJson (src/lib/api.ts:229:13)
    at async Object.get (src/lib/api.ts:319:22)
  227 |
  228 |     // Tüm ağ denemeleri çöktü.
> 229 |     console.error(`[Mesh API] İletişim tamamen çöktü: ${url}. Hata: ${lastError?.message}`);
      |             ^
  230 |
  231 |     // 3. Degraded Mode: Çevrimdışı Geri Dönüş (Sealed Offline Cache)
  232 |     if (useOfflineFallback && typeof window !== 'undefined') { (src/lib/api.ts:229:13)
[browser] [Mesh API] İletişim tamamen çöktü: /api/v1/workflows/stats/summary?. Hata: Failed to fetch 
    at safeFetchJson (src/lib/api.ts:229:13)
    at async Object.get (src/lib/api.ts:319:22)
  227 |
  228 |     // Tüm ağ denemeleri çöktü.
> 229 |     console.error(`[Mesh API] İletişim tamamen çöktü: ${url}. Hata: ${lastError?.message}`);
      |             ^
  230 |
  231 |     // 3. Degraded Mode: Çevrimdışı Geri Dönüş (Sealed Offline Cache)
  232 |     if (useOfflineFallback && typeof window !== 'undefined') { (src/lib/api.ts:229:13)
[browser] [Mesh API] İletişim tamamen çöktü: /api/v1/repair-lab/benchmarks. Hata: Failed to fetch 
    at safeFetchJson (src/lib/api.ts:229:13)
    at async fetchData (src/app/repair-lab/page.tsx:52:30)
  227 |
  228 |     // Tüm ağ denemeleri çöktü.
> 229 |     console.error(`[Mesh API] İletişim tamamen çöktü: ${url}. Hata: ${lastError?.message}`);
      |             ^
  230 |
  231 |     // 3. Degraded Mode: Çevrimdışı Geri Dönüş (Sealed Offline Cache)
  232 |     if (useOfflineFallback && typeof window !== 'undefined') { (src/lib/api.ts:229:13)
[browser] [Mesh API] Tekrar deneniyor... (1/2) -> URL: /api/v1/repair-lab/tournaments (src/lib/api.ts:120:25)
[browser] [Mesh API] Tekrar deneniyor... (2/2) -> URL: /api/v1/repair-lab/tournaments (src/lib/api.ts:120:25)
[browser] [Mesh API] İletişim tamamen çöktü: /api/v1/repair-lab/tournaments. Hata: Failed to fetch 
    at safeFetchJson (src/lib/api.ts:229:13)
    at async fetchData (src/app/repair-lab/page.tsx:58:29)
  227 |
  228 |     // Tüm ağ denemeleri çöktü.
> 229 |     console.error(`[Mesh API] İletişim tamamen çöktü: ${url}. Hata: ${lastError?.message}`);
      |             ^
  230 |
  231 |     // 3. Degraded Mode: Çevrimdışı Geri Dönüş (Sealed Offline Cache)
  232 |     if (useOfflineFallback && typeof window !== 'undefined') { (src/lib/api.ts:229:13)
[browser] [Mesh API] Tekrar deneniyor... (1/2) -> URL: /api/v1/repair-lab/verifiers/matrix?tournament_id=267fecb5-9c0d-4e61-81d6-dad9a749e634 (src/lib/api.ts:120:25)
[browser] [Mesh API] Tekrar deneniyor... (2/2) -> URL: /api/v1/repair-lab/verifiers/matrix?tournament_id=267fecb5-9c0d-4e61-81d6-dad9a749e634 (src/lib/api.ts:120:25)
[browser] [Mesh API] İletişim tamamen çöktü: /api/v1/repair-lab/verifiers/matrix?tournament_id=267fecb5-9c0d-4e61-81d6-dad9a749e634. Hata: Failed to fetch 
    at safeFetchJson (src/lib/api.ts:229:13)
    at async fetchData (src/app/repair-lab/page.tsx:63:33)
  227 |
  228 |     // Tüm ağ denemeleri çöktü.
> 229 |     console.error(`[Mesh API] İletişim tamamen çöktü: ${url}. Hata: ${lastError?.message}`);
      |             ^
  230 |
  231 |     // 3. Degraded Mode: Çevrimdışı Geri Dönüş (Sealed Offline Cache)
  232 |     if (useOfflineFallback && typeof window !== 'undefined') { (src/lib/api.ts:229:13)
[browser] [Mesh API] Tekrar deneniyor... (1/2) -> URL: /api/v1/repair-lab/benchmarks (src/lib/api.ts:120:25)
[browser] [Mesh API] Tekrar deneniyor... (2/2) -> URL: /api/v1/repair-lab/benchmarks (src/lib/api.ts:120:25)
[browser] [Mesh API] İletişim tamamen çöktü: /api/v1/repair-lab/benchmarks. Hata: Failed to fetch 
    at safeFetchJson (src/lib/api.ts:229:13)
    at async fetchData (src/app/repair-lab/page.tsx:52:30)
  227 |
  228 |     // Tüm ağ denemeleri çöktü.
> 229 |     console.error(`[Mesh API] İletişim tamamen çöktü: ${url}. Hata: ${lastError?.message}`);
      |             ^
  230 |
  231 |     // 3. Degraded Mode: Çevrimdışı Geri Dönüş (Sealed Offline Cache)
  232 |     if (useOfflineFallback && typeof window !== 'undefined') { (src/lib/api.ts:229:13)
[browser] [Mesh API] Tekrar deneniyor... (1/2) -> URL: /api/v1/repair-lab/tournaments (src/lib/api.ts:120:25)
[browser] [Mesh API] Tekrar deneniyor... (2/2) -> URL: /api/v1/repair-lab/tournaments (src/lib/api.ts:120:25)
[browser] [Mesh API] İletişim tamamen çöktü: /api/v1/repair-lab/tournaments. Hata: Failed to fetch 
    at safeFetchJson (src/lib/api.ts:229:13)
    at async fetchData (src/app/repair-lab/page.tsx:58:29)
  227 |
  228 |     // Tüm ağ denemeleri çöktü.
> 229 |     console.error(`[Mesh API] İletişim tamamen çöktü: ${url}. Hata: ${lastError?.message}`);
      |             ^
  230 |
  231 |     // 3. Degraded Mode: Çevrimdışı Geri Dönüş (Sealed Offline Cache)
  232 |     if (useOfflineFallback && typeof window !== 'undefined') { (src/lib/api.ts:229:13)
[browser] [Mesh API] Tekrar deneniyor... (1/2) -> URL: /api/v1/repair-lab/verifiers/matrix?tournament_id=267fecb5-9c0d-4e61-81d6-dad9a749e634 (src/lib/api.ts:120:25)
[browser] [Mesh API] Tekrar deneniyor... (2/2) -> URL: /api/v1/repair-lab/verifiers/matrix?tournament_id=267fecb5-9c0d-4e61-81d6-dad9a749e634 (src/lib/api.ts:120:25)
[browser] [Mesh API] İletişim tamamen çöktü: /api/v1/repair-lab/verifiers/matrix?tournament_id=267fecb5-9c0d-4e61-81d6-dad9a749e634. Hata: Failed to fetch 
    at safeFetchJson (src/lib/api.ts:229:13)
    at async fetchData (src/app/repair-lab/page.tsx:63:33)
  227 |
  228 |     // Tüm ağ denemeleri çöktü.
> 229 |     console.error(`[Mesh API] İletişim tamamen çöktü: ${url}. Hata: ${lastError?.message}`);
      |             ^
  230 |
  231 |     // 3. Degraded Mode: Çevrimdışı Geri Dönüş (Sealed Offline Cache)
  232 |     if (useOfflineFallback && typeof window !== 'undefined') { (src/lib/api.ts:229:13)
[browser] [Mesh API] Tekrar deneniyor... (1/2) -> URL: /api/v1/repair-lab/benchmarks (src/lib/api.ts:120:25)
[browser] [Mesh API] Tekrar deneniyor... (2/2) -> URL: /api/v1/repair-lab/benchmarks (src/lib/api.ts:120:25)
 GET / 200 in 466ms (next.js: 402ms, application-code: 63ms)
[browser] [Mesh API] Tekrar deneniyor... (1/2) -> URL: /api/v1/workflows?_end=6&_start=0 (src/lib/api.ts:120:25)
[browser] [Mesh API] Tekrar deneniyor... (2/2) -> URL: /api/v1/workflows?_end=6&_start=0 (src/lib/api.ts:120:25)
[browser] [Mesh API] İletişim tamamen çöktü: /api/v1/repair-lab/benchmarks. Hata: Failed to fetch 
    at safeFetchJson (src/lib/api.ts:229:13)
    at async fetchData (src/app/repair-lab/page.tsx:52:30)
  227 |
  228 |     // Tüm ağ denemeleri çöktü.
> 229 |     console.error(`[Mesh API] İletişim tamamen çöktü: ${url}. Hata: ${lastError?.message}`);
      |             ^
  230 |
  231 |     // 3. Degraded Mode: Çevrimdışı Geri Dönüş (Sealed Offline Cache)
  232 |     if (useOfflineFallback && typeof window !== 'undefined') { (src/lib/api.ts:229:13)
[browser] [Mesh API] Tekrar deneniyor... (1/2) -> URL: /api/v1/repair-lab/tournaments (src/lib/api.ts:120:25)
[browser] [Mesh API] Tekrar deneniyor... (2/2) -> URL: /api/v1/repair-lab/tournaments (src/lib/api.ts:120:25)
[browser] [Mesh API] İletişim tamamen çöktü: /api/v1/workflows?_end=6&_start=0. Hata: Failed to fetch 
    at safeFetchJson (src/lib/api.ts:229:13)
    at async Object.get (src/lib/api.ts:319:22)
  227 |
  228 |     // Tüm ağ denemeleri çöktü.
> 229 |     console.error(`[Mesh API] İletişim tamamen çöktü: ${url}. Hata: ${lastError?.message}`);
      |             ^
  230 |
  231 |     // 3. Degraded Mode: Çevrimdışı Geri Dönüş (Sealed Offline Cache)
  232 |     if (useOfflineFallback && typeof window !== 'undefined') { (src/lib/api.ts:229:13)
[browser] [Mesh API] İletişim tamamen çöktü: /api/v1/repair-lab/tournaments. Hata: Failed to fetch 
    at safeFetchJson (src/lib/api.ts:229:13)
    at async fetchData (src/app/repair-lab/page.tsx:58:29)
  227 |
  228 |     // Tüm ağ denemeleri çöktü.
> 229 |     console.error(`[Mesh API] İletişim tamamen çöktü: ${url}. Hata: ${lastError?.message}`);
      |             ^
  230 |
  231 |     // 3. Degraded Mode: Çevrimdışı Geri Dönüş (Sealed Offline Cache)
  232 |     if (useOfflineFallback && typeof window !== 'undefined') { (src/lib/api.ts:229:13)
[browser] [Mesh API] Tekrar deneniyor... (1/2) -> URL: /api/v1/repair-lab/verifiers/matrix?tournament_id=267fecb5-9c0d-4e61-81d6-dad9a749e634 (src/lib/api.ts:120:25)
[browser] [Mesh API] Tekrar deneniyor... (2/2) -> URL: /api/v1/repair-lab/verifiers/matrix?tournament_id=267fecb5-9c0d-4e61-81d6-dad9a749e634 (src/lib/api.ts:120:25)
[browser] [Mesh API] İletişim tamamen çöktü: /api/v1/repair-lab/verifiers/matrix?tournament_id=267fecb5-9c0d-4e61-81d6-dad9a749e634. Hata: Failed to fetch 
    at safeFetchJson (src/lib/api.ts:229:13)
    at async fetchData (src/app/repair-lab/page.tsx:63:33)
  227 |
  228 |     // Tüm ağ denemeleri çöktü.
> 229 |     console.error(`[Mesh API] İletişim tamamen çöktü: ${url}. Hata: ${lastError?.message}`);
      |             ^
  230 |
  231 |     // 3. Degraded Mode: Çevrimdışı Geri Dönüş (Sealed Offline Cache)
  232 |     if (useOfflineFallback && typeof window !== 'undefined') { (src/lib/api.ts:229:13)
[browser] [Mesh API] İletişim tamamen çöktü: /api/v1/workflows?_end=10&_order=desc&_sort=started_at&_start=0. Hata: Failed to fetch 
    at safeFetchJson (src/lib/api.ts:229:13)
    at async WorkflowList.useCallback[load] (src/app/workflows/page.tsx:61:43)
  227 |
  228 |     // Tüm ağ denemeleri çöktü.
> 229 |     console.error(`[Mesh API] İletişim tamamen çöktü: ${url}. Hata: ${lastError?.message}`);
      |             ^
  230 |
  231 |     // 3. Degraded Mode: Çevrimdışı Geri Dönüş (Sealed Offline Cache)
  232 |     if (useOfflineFallback && typeof window !== 'undefined') { (src/lib/api.ts:229:13)
[browser] [Mesh API] İletişim tamamen çöktü: /api/v1/workflows/stats/summary. Hata: Failed to fetch 
    at safeFetchJson (src/lib/api.ts:229:13)
    at async WorkflowList.useCallback[load] (src/app/workflows/page.tsx:61:43)
  227 |
  228 |     // Tüm ağ denemeleri çöktü.
> 229 |     console.error(`[Mesh API] İletişim tamamen çöktü: ${url}. Hata: ${lastError?.message}`);
      |             ^
  230 |
  231 |     // 3. Degraded Mode: Çevrimdışı Geri Dönüş (Sealed Offline Cache)
  232 |     if (useOfflineFallback && typeof window !== 'undefined') { (src/lib/api.ts:229:13)
[browser] [Mesh API] İletişim tamamen çöktü: /api/v1/workflows?_end=10&_order=desc&_sort=started_at&_start=0. Hata: Failed to fetch 
    at safeFetchJson (src/lib/api.ts:229:13)
    at async WorkflowList.useCallback[load] (src/app/workflows/page.tsx:61:43)
  227 |
  228 |     // Tüm ağ denemeleri çöktü.
> 229 |     console.error(`[Mesh API] İletişim tamamen çöktü: ${url}. Hata: ${lastError?.message}`);
      |             ^
  230 |
  231 |     // 3. Degraded Mode: Çevrimdışı Geri Dönüş (Sealed Offline Cache)
  232 |     if (useOfflineFallback && typeof window !== 'undefined') { (src/lib/api.ts:229:13)
[browser] [Mesh API] İletişim tamamen çöktü: /api/v1/workflows/stats/summary. Hata: Failed to fetch 
    at safeFetchJson (src/lib/api.ts:229:13)
    at async WorkflowList.useCallback[load] (src/app/workflows/page.tsx:61:43)
  227 |
  228 |     // Tüm ağ denemeleri çöktü.
> 229 |     console.error(`[Mesh API] İletişim tamamen çöktü: ${url}. Hata: ${lastError?.message}`);
      |             ^
  230 |
  231 |     // 3. Degraded Mode: Çevrimdışı Geri Dönüş (Sealed Offline Cache)
  232 |     if (useOfflineFallback && typeof window !== 'undefined') { (src/lib/api.ts:229:13)
[browser] [Mesh API] Tekrar deneniyor... (1/2) -> URL: /api/v1/workflows/stats/summary (src/lib/api.ts:120:25)
[browser] [Mesh API] Tekrar deneniyor... (1/2) -> URL: /api/v1/workflows?_end=10&_order=desc&_sort=started_at&_start=0 (src/lib/api.ts:120:25)
[browser] [Mesh API] Tekrar deneniyor... (1/2) -> URL: /api/v1/workflows/stats/summary? (src/lib/api.ts:120:25)
[browser] [Mesh API] Tekrar deneniyor... (1/2) -> URL: /api/v1/workflows?_end=10&_order=desc&_sort=started_at&_start=0 (src/lib/api.ts:120:25)
[browser] [Mesh API] Tekrar deneniyor... (1/2) -> URL: /api/v1/workflows/stats/summary (src/lib/api.ts:120:25)
[browser] [Mesh API] Tekrar deneniyor... (1/2) -> URL: /api/v1/workflows?_end=10&_order=desc&_sort=started_at&_start=0 (src/lib/api.ts:120:25)
[browser] [Mesh API] Tekrar deneniyor... (1/2) -> URL: /api/v1/workflows/stats/summary (src/lib/api.ts:120:25)
[browser] [Mesh API] Tekrar deneniyor... (2/2) -> URL: /api/v1/workflows?_end=10&_order=desc&_sort=started_at&_start=0 (src/lib/api.ts:120:25)
[browser] [Mesh API] Tekrar deneniyor... (2/2) -> URL: /api/v1/workflows/stats/summary (src/lib/api.ts:120:25)
[browser] [Mesh API] Tekrar deneniyor... (2/2) -> URL: /api/v1/workflows/stats/summary? (src/lib/api.ts:120:25)
[browser] [Mesh API] Tekrar deneniyor... (2/2) -> URL: /api/v1/workflows?_end=10&_order=desc&_sort=started_at&_start=0 (src/lib/api.ts:120:25)
[browser] [Mesh API] Tekrar deneniyor... (2/2) -> URL: /api/v1/workflows/stats/summary (src/lib/api.ts:120:25)
[browser] [Mesh API] Tekrar deneniyor... (2/2) -> URL: /api/v1/workflows?_end=10&_order=desc&_sort=started_at&_start=0 (src/lib/api.ts:120:25)
[browser] [Mesh API] Tekrar deneniyor... (2/2) -> URL: /api/v1/workflows/stats/summary (src/lib/api.ts:120:25)
Warning: [antd: Progress] `strokeWidth` is deprecated. Please use `size` instead.
 GET /system-health 200 in 442ms (next.js: 87ms, application-code: 355ms)
[browser] Warning: [antd: Progress] `strokeWidth` is deprecated. Please use `size` instead. 
[browser] [Mesh API] İletişim tamamen çöktü: /api/v1/workflows/stats/summary. Hata: Failed to fetch 
    at safeFetchJson (src/lib/api.ts:229:13)
    at async WorkflowList.useCallback[load] (src/app/workflows/page.tsx:61:43)
  227 |
  228 |     // Tüm ağ denemeleri çöktü.
> 229 |     console.error(`[Mesh API] İletişim tamamen çöktü: ${url}. Hata: ${lastError?.message}`);
      |             ^
  230 |
  231 |     // 3. Degraded Mode: Çevrimdışı Geri Dönüş (Sealed Offline Cache)
  232 |     if (useOfflineFallback && typeof window !== 'undefined') { (src/lib/api.ts:229:13)
[browser] [Mesh API] İletişim tamamen çöktü: /api/v1/workflows/stats/summary?. Hata: Failed to fetch 
    at safeFetchJson (src/lib/api.ts:229:13)
    at async Object.get (src/lib/api.ts:319:22)
  227 |
  228 |     // Tüm ağ denemeleri çöktü.
> 229 |     console.error(`[Mesh API] İletişim tamamen çöktü: ${url}. Hata: ${lastError?.message}`);
      |             ^
  230 |
  231 |     // 3. Degraded Mode: Çevrimdışı Geri Dönüş (Sealed Offline Cache)
  232 |     if (useOfflineFallback && typeof window !== 'undefined') { (src/lib/api.ts:229:13)
[browser] [Mesh API] İletişim tamamen çöktü: /api/v1/workflows?_end=10&_order=desc&_sort=started_at&_start=0. Hata: Failed to fetch 
    at safeFetchJson (src/lib/api.ts:229:13)
    at async WorkflowList.useCallback[load] (src/app/workflows/page.tsx:61:43)
  227 |
  228 |     // Tüm ağ denemeleri çöktü.
> 229 |     console.error(`[Mesh API] İletişim tamamen çöktü: ${url}. Hata: ${lastError?.message}`);
      |             ^
  230 |
  231 |     // 3. Degraded Mode: Çevrimdışı Geri Dönüş (Sealed Offline Cache)
  232 |     if (useOfflineFallback && typeof window !== 'undefined') { (src/lib/api.ts:229:13)
[browser] [Mesh API] İletişim tamamen çöktü: /api/v1/workflows/stats/summary. Hata: Failed to fetch 
    at safeFetchJson (src/lib/api.ts:229:13)
    at async WorkflowList.useCallback[load] (src/app/workflows/page.tsx:61:43)
  227 |
  228 |     // Tüm ağ denemeleri çöktü.
> 229 |     console.error(`[Mesh API] İletişim tamamen çöktü: ${url}. Hata: ${lastError?.message}`);
      |             ^
  230 |
  231 |     // 3. Degraded Mode: Çevrimdışı Geri Dönüş (Sealed Offline Cache)
  232 |     if (useOfflineFallback && typeof window !== 'undefined') { (src/lib/api.ts:229:13)
[browser] [Mesh API] İletişim tamamen çöktü: /api/v1/workflows?_end=10&_order=desc&_sort=started_at&_start=0. Hata: Failed to fetch 
    at safeFetchJson (src/lib/api.ts:229:13)
    at async WorkflowList.useCallback[load] (src/app/workflows/page.tsx:61:43)
  227 |
  228 |     // Tüm ağ denemeleri çöktü.
> 229 |     console.error(`[Mesh API] İletişim tamamen çöktü: ${url}. Hata: ${lastError?.message}`);
      |             ^
  230 |
  231 |     // 3. Degraded Mode: Çevrimdışı Geri Dönüş (Sealed Offline Cache)
  232 |     if (useOfflineFallback && typeof window !== 'undefined') { (src/lib/api.ts:229:13)
[browser] [Mesh API] İletişim tamamen çöktü: /api/v1/workflows/stats/summary. Hata: Failed to fetch 
    at safeFetchJson (src/lib/api.ts:229:13)
    at async WorkflowList.useCallback[load] (src/app/workflows/page.tsx:61:43)
  227 |
  228 |     // Tüm ağ denemeleri çöktü.
> 229 |     console.error(`[Mesh API] İletişim tamamen çöktü: ${url}. Hata: ${lastError?.message}`);
      |             ^
  230 |
  231 |     // 3. Degraded Mode: Çevrimdışı Geri Dönüş (Sealed Offline Cache)
  232 |     if (useOfflineFallback && typeof window !== 'undefined') { (src/lib/api.ts:229:13)
[browser] [Mesh API] İletişim tamamen çöktü: /api/v1/workflows?_end=10&_order=desc&_sort=started_at&_start=0. Hata: Failed to fetch 
    at safeFetchJson (src/lib/api.ts:229:13)
    at async WorkflowList.useCallback[load] (src/app/workflows/page.tsx:61:43)
  227 |
  228 |     // Tüm ağ denemeleri çöktü.
> 229 |     console.error(`[Mesh API] İletişim tamamen çöktü: ${url}. Hata: ${lastError?.message}`);
      |             ^
  230 |
  231 |     // 3. Degraded Mode: Çevrimdışı Geri Dönüş (Sealed Offline Cache)
  232 |     if (useOfflineFallback && typeof window !== 'undefined') { (src/lib/api.ts:229:13)
[browser] A tree hydrated but some attributes of the server rendered HTML didn't match the client properties. This won't be patched up. This can happen if a SSR-ed Client Component used:

- A server/client branch `if (typeof window !== 'undefined')`.
- Variable input such as `Date.now()` or `Math.random()` which changes each time it's called.
- Date formatting in a user's locale which doesn't match the server.
- External changing data without sending a snapshot of it along with the HTML.
- Invalid HTML tag nesting.

It can also happen if the client has a browser extension installed which messes with the HTML before React loaded.

https://react.dev/link/hydration-mismatch

  ...
    <ErrorBoundary errorComponent={undefined} errorStyles={undefined} errorScripts={undefined}>
      <LoadingBoundary name="system-hea..." loading={null}>
        <HTTPAccessFallbackBoundary notFound={undefined} forbidden={undefined} unauthorized={undefined}>
          <RedirectBoundary>
            <RedirectErrorBoundary router={{...}}>
              <InnerLayoutRouter url="/system-he..." tree={[...]} params={{}} cacheNode={{rsc:{...}, ...}} ...>
                <SegmentViewNode type="page" pagePath="system-hea...">
                  <SegmentTrieNode>
                  <ClientPageRoot Component={function SystemHealthPage} serverProvidedParams={{...}}>
                    <SystemHealthPage params={Promise} searchParams={Promise}>
                      <div className="min-h-scre...">
                        <header>
                        <section>
                        <section>
                        <section className="grid grid-...">
                          <div className="lg:col-spa...">
                            <div>
                            <div className="h-64 w-ful...">
                              <div
                                className="flex-1 bg-[var(--primary)] opacity-20 hover:opacity-100 transition-opacity ..."
                                style={{
+                                 height: "53.052954754570834%"
-                                 height: "89.5766%"
                                }}
                              >
                              <div
                                className="flex-1 bg-[var(--primary)] opacity-20 hover:opacity-100 transition-opacity ..."
                                style={{
+                                 height: "35.317252310584934%"
-                                 height: "26.8174%"
                                }}
                              >
                              <div
                                className="flex-1 bg-[var(--primary)] opacity-20 hover:opacity-100 transition-opacity ..."
                                style={{
+                                 height: "82.14543336674654%"
-                                 height: "91.4253%"
                                }}
                              >
                              <div
                                className="flex-1 bg-[var(--primary)] opacity-20 hover:opacity-100 transition-opacity ..."
                                style={{
+                                 height: "65.26444446258128%"
-                                 height: "49.1496%"
                                }}
                              >
                              <div
                                className="flex-1 bg-[var(--primary)] opacity-20 hover:opacity-100 transition-opacity ..."
                                style={{
+                                 height: "40.11173692946385%"
-                                 height: "89.5934%"
                                }}
                              >
                              <div
                                className="flex-1 bg-[var(--primary)] opacity-20 hover:opacity-100 transition-opacity ..."
                                style={{
+                                 height: "55.21125081309055%"
-                                 height: "54.5574%"
                                }}
                              >
                              <div
                                className="flex-1 bg-[var(--primary)] opacity-20 hover:opacity-100 transition-opacity ..."
                                style={{
+                                 height: "20.420675914329056%"
-                                 height: "95.0536%"
                                }}
                              >
                              <div
                                className="flex-1 bg-[var(--primary)] opacity-20 hover:opacity-100 transition-opacity ..."
                                style={{
+                                 height: "76.47630349526241%"
-                                 height: "95.9879%"
                                }}
                              >
                              <div
                                className="flex-1 bg-[var(--primary)] opacity-20 hover:opacity-100 transition-opacity ..."
                                style={{
+                                 height: "79.02951171324604%"
-                                 height: "87.2275%"
                                }}
                              >
                              <div
                                className="flex-1 bg-[var(--primary)] opacity-20 hover:opacity-100 transition-opacity ..."
                                style={{
+                                 height: "91.32354840859358%"
-                                 height: "21.2602%"
                                }}
                              >
                              <div
                                className="flex-1 bg-[var(--primary)] opacity-20 hover:opacity-100 transition-opacity ..."
                                style={{
+                                 height: "42.640181831736925%"
-                                 height: "93.5449%"
                                }}
                              >
                              <div
                                className="flex-1 bg-[var(--primary)] opacity-20 hover:opacity-100 transition-opacity ..."
                                style={{
+                                 height: "97.49269948743013%"
-                                 height: "77.8534%"
                                }}
                              >
                              <div
                                className="flex-1 bg-[var(--primary)] opacity-20 hover:opacity-100 transition-opacity ..."
                                style={{
+                                 height: "62.052305677538214%"
-                                 height: "94.3576%"
                                }}
                              >
                              <div
                                className="flex-1 bg-[var(--primary)] opacity-20 hover:opacity-100 transition-opacity ..."
                                style={{
+                                 height: "34.779905012754135%"
-                                 height: "83.7879%"
                                }}
                              >
                              <div
                                className="flex-1 bg-[var(--primary)] opacity-20 hover:opacity-100 transition-opacity ..."
                                style={{
+                                 height: "33.755840740233324%"
-                                 height: "23.8317%"
                                }}
                              >
                              <div
                                className="flex-1 bg-[var(--primary)] opacity-20 hover:opacity-100 transition-opacity ..."
                                style={{
+                                 height: "61.295742416640536%"
-                                 height: "56.2794%"
                                }}
                              >
                              <div
                                className="flex-1 bg-[var(--primary)] opacity-20 hover:opacity-100 transition-opacity ..."
                                style={{
+                                 height: "93.82870985666659%"
-                                 height: "72.1498%"
                                }}
                              >
                              <div
                                className="flex-1 bg-[var(--primary)] opacity-20 hover:opacity-100 transition-opacity ..."
                                style={{
+                                 height: "97.79024625829575%"
-                                 height: "99.7185%"
                                }}
                              >
                              <div
                                className="flex-1 bg-[var(--primary)] opacity-20 hover:opacity-100 transition-opacity ..."
                                style={{
+                                 height: "94.72974902583391%"
-                                 height: "87.3018%"
                                }}
                              >
                              <div
                                className="flex-1 bg-[var(--primary)] opacity-20 hover:opacity-100 transition-opacity ..."
                                style={{
+                                 height: "73.8634041615265%"
-                                 height: "92.1826%"
                                }}
                              >
                              <div
                                className="flex-1 bg-[var(--primary)] opacity-20 hover:opacity-100 transition-opacity ..."
                                style={{
+                                 height: "69.73323010177955%"
-                                 height: "24.1395%"
                                }}
                              >
                              <div
                                className="flex-1 bg-[var(--primary)] opacity-20 hover:opacity-100 transition-opacity ..."
                                style={{
+                                 height: "47.49783862239461%"
-                                 height: "97.1472%"
                                }}
                              >
                              <div
                                className="flex-1 bg-[var(--primary)] opacity-20 hover:opacity-100 transition-opacity ..."
                                style={{
+                                 height: "31.762031435847476%"
-                                 height: "32.3566%"
                                }}
                              >
                              <div
                                className="flex-1 bg-[var(--primary)] opacity-20 hover:opacity-100 transition-opacity ..."
                                style={{
+                                 height: "45.36616747133021%"
-                                 height: "79.7424%"
                                }}
                              >
                              <div
                                className="flex-1 bg-[var(--primary)] opacity-20 hover:opacity-100 transition-opacity ..."
                                style={{
+                                 height: "25.02651071329632%"
-                                 height: "99.132%"
                                }}
                              >
                              <div
                                className="flex-1 bg-[var(--primary)] opacity-20 hover:opacity-100 transition-opacity ..."
                                style={{
+                                 height: "47.584682978995744%"
-                                 height: "21.6173%"
                                }}
                              >
                              <div
                                className="flex-1 bg-[var(--primary)] opacity-20 hover:opacity-100 transition-opacity ..."
                                style={{
+                                 height: "70.97232241547121%"
-                                 height: "84.4494%"
                                }}
                              >
                              <div
                                className="flex-1 bg-[var(--primary)] opacity-20 hover:opacity-100 transition-opacity ..."
                                style={{
+                                 height: "52.049647433494%"
-                                 height: "36.7918%"
                                }}
                              >
                              <div
                                className="flex-1 bg-[var(--primary)] opacity-20 hover:opacity-100 transition-opacity ..."
                                style={{
+                                 height: "79.2762852372444%"
-                                 height: "99.1592%"
                                }}
                              >
                              <div
                                className="flex-1 bg-[var(--primary)] opacity-20 hover:opacity-100 transition-opacity ..."
                                style={{
+                                 height: "90.47573507188382%"
-                                 height: "99.2515%"
                                }}
                              >
                              <div
                                className="flex-1 bg-[var(--primary)] opacity-20 hover:opacity-100 transition-opacity ..."
                                style={{
+                                 height: "25.081904327484644%"
-                                 height: "23.1934%"
                                }}
                              >
                              <div
                                className="flex-1 bg-[var(--primary)] opacity-20 hover:opacity-100 transition-opacity ..."
                                style={{
+                                 height: "81.15284238287609%"
-                                 height: "28.7978%"
                                }}
                              >
                              <div
                                className="flex-1 bg-[var(--primary)] opacity-20 hover:opacity-100 transition-opacity ..."
                                style={{
+                                 height: "78.96635943148381%"
-                                 height: "22.5181%"
                                }}
                              >
                              <div
                                className="flex-1 bg-[var(--primary)] opacity-20 hover:opacity-100 transition-opacity ..."
                                style={{
+                                 height: "28.806055642028852%"
-                                 height: "55.1482%"
                                }}
                              >
                              <div
                                className="flex-1 bg-[var(--primary)] opacity-20 hover:opacity-100 transition-opacity ..."
                                style={{
+                                 height: "46.44853609930016%"
-                                 height: "87.3861%"
                                }}
                              >
                              <div
                                className="flex-1 bg-[var(--primary)] opacity-20 hover:opacity-100 transition-opacity ..."
                                style={{
+                                 height: "63.90458422395436%"
-                                 height: "74.3498%"
                                }}
                              >
                              <div
                                className="flex-1 bg-[var(--primary)] opacity-20 hover:opacity-100 transition-opacity ..."
                                style={{
+                                 height: "56.70894100370254%"
-                                 height: "28.3557%"
                                }}
                              >
                              <div
                                className="flex-1 bg-[var(--primary)] opacity-20 hover:opacity-100 transition-opacity ..."
                                style={{
+                                 height: "23.86153488392206%"
-                                 height: "54.8035%"
                                }}
                              >
                              <div
                                className="flex-1 bg-[var(--primary)] opacity-20 hover:opacity-100 transition-opacity ..."
                                style={{
+                                 height: "67.72219650316518%"
-                                 height: "31.031%"
                                }}
                              >
                              <div
                                className="flex-1 bg-[var(--primary)] opacity-20 hover:opacity-100 transition-opacity ..."
                                style={{
+                                 height: "74.67699160384537%"
-                                 height: "69.0127%"
                                }}
                              >
                            ...
                          ...
                ...
              ...
 
[browser] [Mesh API] Tekrar deneniyor... (1/2) -> URL: /api/v1/workflows/stats/summary? (src/lib/api.ts:120:25)
[browser] [Mesh API] Tekrar deneniyor... (2/2) -> URL: /api/v1/workflows/stats/summary? (src/lib/api.ts:120:25)
[browser] Warning: [antd: message] Static function can not consume context like dynamic theme. Please use 'App' component instead. 
    at runRepair (src/app/system-health/page.tsx:100:17)
   98 |       setRepairResults((current) => ({ ...current, [item.id]: summary }));
   99 |       if (result.status === "repaired" || result.status === "noop") {
> 100 |         message.success(`Runtime repair: ${summary}`);
      |                 ^
  101 |       } else {
  102 |         message.warning(summary);
  103 |       } (src/app/system-health/page.tsx:100:17)
[browser] Warning: [antd: compatible] antd v5 support React is 16 ~ 18. see https://u.ant.design/v5-for-19 for compatible. 
    at runRepair (src/app/system-health/page.tsx:100:17)
   98 |       setRepairResults((current) => ({ ...current, [item.id]: summary }));
   99 |       if (result.status === "repaired" || result.status === "noop") {
> 100 |         message.success(`Runtime repair: ${summary}`);
      |                 ^
  101 |       } else {
  102 |         message.warning(summary);
  103 |       } (src/app/system-health/page.tsx:100:17)
[browser] [Mesh API] İletişim tamamen çöktü: /api/v1/workflows/stats/summary?. Hata: Failed to fetch 
    at safeFetchJson (src/lib/api.ts:229:13)
    at async Object.get (src/lib/api.ts:319:22)
  227 |
  228 |     // Tüm ağ denemeleri çöktü.
> 229 |     console.error(`[Mesh API] İletişim tamamen çöktü: ${url}. Hata: ${lastError?.message}`);
      |             ^
  230 |
  231 |     // 3. Degraded Mode: Çevrimdışı Geri Dönüş (Sealed Offline Cache)
  232 |     if (useOfflineFallback && typeof window !== 'undefined') { (src/lib/api.ts:229:13)
 GET /governance/approvals 200 in 94ms (next.js: 67ms, application-code: 26ms)
[browser] [Mesh API] Tekrar deneniyor... (1/2) -> URL: /api/v1/governance/approvals?_end=10&_start=0&status=pending (src/lib/api.ts:120:25)
[browser] [Mesh API] Tekrar deneniyor... (2/2) -> URL: /api/v1/governance/approvals?_end=10&_start=0&status=pending (src/lib/api.ts:120:25)
 GET /workflows 200 in 57ms (next.js: 11ms, application-code: 46ms)
[browser] [Mesh API] Tekrar deneniyor... (1/2) -> URL: /api/v1/workflows?_end=10&_order=desc&_sort=started_at&_start=0 (src/lib/api.ts:120:25)
[browser] [Mesh API] Tekrar deneniyor... (1/2) -> URL: /api/v1/workflows/stats/summary (src/lib/api.ts:120:25)
[browser] [Mesh API] Tekrar deneniyor... (1/2) -> URL: /api/v1/workflows?_end=10&_order=desc&_sort=started_at&_start=0 (src/lib/api.ts:120:25)
[browser] [Mesh API] Tekrar deneniyor... (1/2) -> URL: /api/v1/workflows/stats/summary (src/lib/api.ts:120:25)
[browser] [Mesh API] İletişim tamamen çöktü: /api/v1/governance/approvals?_end=10&_start=0&status=pending. Hata: Failed to fetch 
    at safeFetchJson (src/lib/api.ts:229:13)
    at async ApprovalsPage.useCallback[loadRequests] (src/app/approvals/page.tsx:61:24)
  227 |
  228 |     // Tüm ağ denemeleri çöktü.
> 229 |     console.error(`[Mesh API] İletişim tamamen çöktü: ${url}. Hata: ${lastError?.message}`);
      |             ^
  230 |
  231 |     // 3. Degraded Mode: Çevrimdışı Geri Dönüş (Sealed Offline Cache)
  232 |     if (useOfflineFallback && typeof window !== 'undefined') { (src/lib/api.ts:229:13)
[browser] [Mesh API] Tekrar deneniyor... (2/2) -> URL: /api/v1/workflows/stats/summary (src/lib/api.ts:120:25)
[browser] [Mesh API] Tekrar deneniyor... (2/2) -> URL: /api/v1/workflows?_end=10&_order=desc&_sort=started_at&_start=0 (src/lib/api.ts:120:25)
[browser] [Mesh API] Tekrar deneniyor... (2/2) -> URL: /api/v1/workflows/stats/summary (src/lib/api.ts:120:25)
[browser] [Mesh API] Tekrar deneniyor... (2/2) -> URL: /api/v1/workflows?_end=10&_order=desc&_sort=started_at&_start=0 (src/lib/api.ts:120:25)
 GET /ops/handover-status 200 in 123ms (next.js: 83ms, application-code: 40ms)
[browser] [Mesh API] Tekrar deneniyor... (1/2) -> URL: /api/v1/governance/signoffs?_end=10&_start=0 (src/lib/api.ts:120:25)
[browser] [Mesh API] Tekrar deneniyor... (1/2) -> URL: /api/v1/governance/signoffs?_end=10&_start=0 (src/lib/api.ts:120:25)
[browser] [Mesh API] İletişim tamamen çöktü: /api/v1/workflows?_end=10&_order=desc&_sort=started_at&_start=0. Hata: Failed to fetch 
    at safeFetchJson (src/lib/api.ts:229:13)
    at async WorkflowList.useCallback[load] (src/app/workflows/page.tsx:61:43)
  227 |
  228 |     // Tüm ağ denemeleri çöktü.
> 229 |     console.error(`[Mesh API] İletişim tamamen çöktü: ${url}. Hata: ${lastError?.message}`);
      |             ^
  230 |
  231 |     // 3. Degraded Mode: Çevrimdışı Geri Dönüş (Sealed Offline Cache)
  232 |     if (useOfflineFallback && typeof window !== 'undefined') { (src/lib/api.ts:229:13)
[browser] [Mesh API] İletişim tamamen çöktü: /api/v1/workflows/stats/summary. Hata: Failed to fetch 
    at safeFetchJson (src/lib/api.ts:229:13)
    at async WorkflowList.useCallback[load] (src/app/workflows/page.tsx:61:43)
  227 |
  228 |     // Tüm ağ denemeleri çöktü.
> 229 |     console.error(`[Mesh API] İletişim tamamen çöktü: ${url}. Hata: ${lastError?.message}`);
      |             ^
  230 |
  231 |     // 3. Degraded Mode: Çevrimdışı Geri Dönüş (Sealed Offline Cache)
  232 |     if (useOfflineFallback && typeof window !== 'undefined') { (src/lib/api.ts:229:13)
[browser] [Mesh API] İletişim tamamen çöktü: /api/v1/workflows?_end=10&_order=desc&_sort=started_at&_start=0. Hata: Failed to fetch 
    at safeFetchJson (src/lib/api.ts:229:13)
    at async WorkflowList.useCallback[load] (src/app/workflows/page.tsx:61:43)
  227 |
  228 |     // Tüm ağ denemeleri çöktü.
> 229 |     console.error(`[Mesh API] İletişim tamamen çöktü: ${url}. Hata: ${lastError?.message}`);
      |             ^
  230 |
  231 |     // 3. Degraded Mode: Çevrimdışı Geri Dönüş (Sealed Offline Cache)
  232 |     if (useOfflineFallback && typeof window !== 'undefined') { (src/lib/api.ts:229:13)
[browser] [Mesh API] İletişim tamamen çöktü: /api/v1/workflows/stats/summary. Hata: Failed to fetch 
    at safeFetchJson (src/lib/api.ts:229:13)
    at async WorkflowList.useCallback[load] (src/app/workflows/page.tsx:61:43)
  227 |
  228 |     // Tüm ağ denemeleri çöktü.
> 229 |     console.error(`[Mesh API] İletişim tamamen çöktü: ${url}. Hata: ${lastError?.message}`);
      |             ^
  230 |
  231 |     // 3. Degraded Mode: Çevrimdışı Geri Dönüş (Sealed Offline Cache)
  232 |     if (useOfflineFallback && typeof window !== 'undefined') { (src/lib/api.ts:229:13)
[browser] [Mesh API] Tekrar deneniyor... (2/2) -> URL: /api/v1/governance/signoffs?_end=10&_start=0 (src/lib/api.ts:120:25)
[browser] [Mesh API] Tekrar deneniyor... (2/2) -> URL: /api/v1/governance/signoffs?_end=10&_start=0 (src/lib/api.ts:120:25)
[browser] [Mesh API] İletişim tamamen çöktü: /api/v1/governance/signoffs?_end=10&_start=0. Hata: Failed to fetch 
    at safeFetchJson (src/lib/api.ts:229:13)
    at async Object.get (src/lib/api.ts:319:22)
  227 |
  228 |     // Tüm ağ denemeleri çöktü.
> 229 |     console.error(`[Mesh API] İletişim tamamen çöktü: ${url}. Hata: ${lastError?.message}`);
      |             ^
  230 |
  231 |     // 3. Degraded Mode: Çevrimdışı Geri Dönüş (Sealed Offline Cache)
  232 |     if (useOfflineFallback && typeof window !== 'undefined') { (src/lib/api.ts:229:13)
[browser] [Mesh API] İletişim tamamen çöktü: /api/v1/governance/signoffs?_end=10&_start=0. Hata: Failed to fetch 
    at safeFetchJson (src/lib/api.ts:229:13)
    at async Object.get (src/lib/api.ts:319:22)
  227 |
  228 |     // Tüm ağ denemeleri çöktü.
> 229 |     console.error(`[Mesh API] İletişim tamamen çöktü: ${url}. Hata: ${lastError?.message}`);
      |             ^
  230 |
  231 |     // 3. Degraded Mode: Çevrimdışı Geri Dönüş (Sealed Offline Cache)
  232 |     if (useOfflineFallback && typeof window !== 'undefined') { (src/lib/api.ts:229:13)
 GET /workflows 200 in 176ms (next.js: 6ms, application-code: 170ms)
 GET /governance/lineage 200 in 214ms (next.js: 75ms, application-code: 140ms)
 GET /workflows 200 in 118ms (next.js: 6ms, application-code: 112ms)
[browser] [Mesh API] Tekrar deneniyor... (1/2) -> URL: /api/v1/workflows?_end=10&_order=desc&_sort=started_at&_start=0 (src/lib/api.ts:120:25)
[browser] [Mesh API] Tekrar deneniyor... (1/2) -> URL: /api/v1/workflows?_end=10&_order=desc&_sort=started_at&_start=0 (src/lib/api.ts:120:25)
[browser] [Mesh API] Tekrar deneniyor... (1/2) -> URL: /api/v1/workflows?_end=10&_order=desc&_sort=started_at&_start=0 (src/lib/api.ts:120:25)
[browser] [Mesh API] Tekrar deneniyor... (2/2) -> URL: /api/v1/workflows?_end=10&_order=desc&_sort=started_at&_start=0 (src/lib/api.ts:120:25)
[browser] [Mesh API] Tekrar deneniyor... (2/2) -> URL: /api/v1/workflows?_end=10&_order=desc&_sort=started_at&_start=0 (src/lib/api.ts:120:25)
[browser] [Mesh API] Tekrar deneniyor... (2/2) -> URL: /api/v1/workflows?_end=10&_order=desc&_sort=started_at&_start=0 (src/lib/api.ts:120:25)
 GET /governance/lineage 200 in 115ms (next.js: 5ms, application-code: 111ms)
 GET / 200 in 124ms (next.js: 4ms, application-code: 120ms)
[browser] [Mesh API] Tekrar deneniyor... (1/2) -> URL: /api/v1/workflows?_end=6&_start=0 (src/lib/api.ts:120:25)
[browser] [Mesh API] Tekrar deneniyor... (2/2) -> URL: /api/v1/workflows?_end=6&_start=0 (src/lib/api.ts:120:25)
[browser] [Mesh API] İletişim tamamen çöktü: /api/v1/workflows?_end=6&_start=0. Hata: Failed to fetch 
    at safeFetchJson (src/lib/api.ts:229:13)
    at async Object.get (src/lib/api.ts:319:22)
  227 |
  228 |     // Tüm ağ denemeleri çöktü.
> 229 |     console.error(`[Mesh API] İletişim tamamen çöktü: ${url}. Hata: ${lastError?.message}`);
      |             ^
  230 |
  231 |     // 3. Degraded Mode: Çevrimdışı Geri Dönüş (Sealed Offline Cache)
  232 |     if (useOfflineFallback && typeof window !== 'undefined') { (src/lib/api.ts:229:13)
 GET /login 200 in 316ms (next.js: 56ms, application-code: 260ms)
[browser] [Auth] Giriş hatası: ApiResponseError: API ERROR [401]: Oturum suresi doldu veya kimlik dogrulama eksik. Lutfen tekrar giris yapin.
    at safeFetchJson (src/lib/api.ts:192:23)
    at async performLogin (src/lib/auth.ts:129:21)
    at async Object.login (src/app/providers.tsx:58:22)
  190 |                     detail = raw ? raw.slice(0, 200) : `HTTP ${res.status}`; 
  191 |                 }
> 192 |                 throw new ApiResponseError(res.status, normalizeApiErrorDetail(res.status...
      |                       ^
  193 |             }
  194 |
  195 |             if (!contentType.includes("application/json")) { (src/lib/auth.ts:150:13)
[browser] [Auth] Giriş hatası: ApiResponseError: API ERROR [401]: Oturum suresi doldu veya kimlik dogrulama eksik. Lutfen tekrar giris yapin.
    at safeFetchJson (src/lib/api.ts:192:23)
    at async performLogin (src/lib/auth.ts:129:21)
    at async Object.login (src/app/providers.tsx:58:22)
  190 |                     detail = raw ? raw.slice(0, 200) : `HTTP ${res.status}`; 
  191 |                 }
> 192 |                 throw new ApiResponseError(res.status, normalizeApiErrorDetail(res.status...
      |                       ^
  193 |             }
  194 |
  195 |             if (!contentType.includes("application/json")) { (src/lib/auth.ts:150:13)
 GET /login 200 in 181ms (next.js: 4ms, application-code: 177ms)
[browser] [Auth] Giriş hatası: ApiResponseError: API ERROR [401]: Oturum suresi doldu veya kimlik dogrulama eksik. Lutfen tekrar giris yapin.
    at safeFetchJson (src/lib/api.ts:192:23)
    at async performLogin (src/lib/auth.ts:129:21)
    at async Object.login (src/app/providers.tsx:58:22)
  190 |                     detail = raw ? raw.slice(0, 200) : `HTTP ${res.status}`; 
  191 |                 }
> 192 |                 throw new ApiResponseError(res.status, normalizeApiErrorDetail(res.status...
      |                       ^
  193 |             }
  194 |
  195 |             if (!contentType.includes("application/json")) { (src/lib/auth.ts:150:13)
 GET /workflows 200 in 79ms (next.js: 3ms, application-code: 76ms)
[browser] [Mesh API] Tekrar deneniyor... (1/2) -> URL: /api/v1/workflows?_end=10&_order=desc&_sort=started_at&_start=0 (src/lib/api.ts:120:25)
[browser] [Mesh API] Tekrar deneniyor... (1/2) -> URL: /api/v1/workflows?_end=10&_order=desc&_sort=started_at&_start=0 (src/lib/api.ts:120:25)
[browser] [Mesh API] Tekrar deneniyor... (1/2) -> URL: /api/v1/workflows?_end=10&_order=desc&_sort=started_at&_start=0 (src/lib/api.ts:120:25)
[browser] [Mesh API] Tekrar deneniyor... (2/2) -> URL: /api/v1/workflows?_end=10&_order=desc&_sort=started_at&_start=0 (src/lib/api.ts:120:25)
[browser] [Mesh API] Tekrar deneniyor... (2/2) -> URL: /api/v1/workflows?_end=10&_order=desc&_sort=started_at&_start=0 (src/lib/api.ts:120:25)
[browser] [Mesh API] Tekrar deneniyor... (2/2) -> URL: /api/v1/workflows?_end=10&_order=desc&_sort=started_at&_start=0 (src/lib/api.ts:120:25)
[browser] [Mesh API] İletişim tamamen çöktü: /api/v1/workflows?_end=10&_order=desc&_sort=started_at&_start=0. Hata: Failed to fetch 
    at safeFetchJson (src/lib/api.ts:229:13)
    at async WorkflowList.useCallback[load] (src/app/workflows/page.tsx:61:43)
  227 |
  228 |     // Tüm ağ denemeleri çöktü.
> 229 |     console.error(`[Mesh API] İletişim tamamen çöktü: ${url}. Hata: ${lastError?.message}`);
      |             ^
  230 |
  231 |     // 3. Degraded Mode: Çevrimdışı Geri Dönüş (Sealed Offline Cache)
  232 |     if (useOfflineFallback && typeof window !== 'undefined') { (src/lib/api.ts:229:13)
[browser] [Mesh API] İletişim tamamen çöktü: /api/v1/workflows?_end=10&_order=desc&_sort=started_at&_start=0. Hata: Failed to fetch 
    at safeFetchJson (src/lib/api.ts:229:13)
    at async WorkflowList.useCallback[load] (src/app/workflows/page.tsx:61:43)
  227 |
  228 |     // Tüm ağ denemeleri çöktü.
> 229 |     console.error(`[Mesh API] İletişim tamamen çöktü: ${url}. Hata: ${lastError?.message}`);
      |             ^
  230 |
  231 |     // 3. Degraded Mode: Çevrimdışı Geri Dönüş (Sealed Offline Cache)
  232 |     if (useOfflineFallback && typeof window !== 'undefined') { (src/lib/api.ts:229:13)
[browser] [Mesh API] İletişim tamamen çöktü: /api/v1/workflows?_end=10&_order=desc&_sort=started_at&_start=0. Hata: Failed to fetch 
    at safeFetchJson (src/lib/api.ts:229:13)
    at async WorkflowList.useCallback[load] (src/app/workflows/page.tsx:61:43)
  227 |
  228 |     // Tüm ağ denemeleri çöktü.
> 229 |     console.error(`[Mesh API] İletişim tamamen çöktü: ${url}. Hata: ${lastError?.message}`);
      |             ^
  230 |
  231 |     // 3. Degraded Mode: Çevrimdışı Geri Dönüş (Sealed Offline Cache)
  232 |     if (useOfflineFallback && typeof window !== 'undefined') { (src/lib/api.ts:229:13)
 GET / 200 in 19ms (next.js: 3ms, application-code: 16ms)
[browser] [Mesh API] Tekrar deneniyor... (1/2) -> URL: /api/v1/workflows?_end=6&_start=0 (src/lib/api.ts:120:25)
[browser] [Mesh API] Tekrar deneniyor... (2/2) -> URL: /api/v1/workflows?_end=6&_start=0 (src/lib/api.ts:120:25)
[browser] [Mesh API] İletişim tamamen çöktü: /api/v1/workflows?_end=6&_start=0. Hata: Failed to fetch 
    at safeFetchJson (src/lib/api.ts:229:13)
    at async Object.get (src/lib/api.ts:319:22)
  227 |
  228 |     // Tüm ağ denemeleri çöktü.
> 229 |     console.error(`[Mesh API] İletişim tamamen çöktü: ${url}. Hata: ${lastError?.message}`);
      |             ^
  230 |
  231 |     // 3. Degraded Mode: Çevrimdışı Geri Dönüş (Sealed Offline Cache)
  232 |     if (useOfflineFallback && typeof window !== 'undefined') { (src/lib/api.ts:229:13)
 GET /workflows 200 in 42ms (next.js: 5ms, application-code: 37ms)
[browser] [Mesh API] Tekrar deneniyor... (1/2) -> URL: /api/v1/workflows?_end=10&_order=desc&_sort=started_at&_start=0 (src/lib/api.ts:120:25)
[browser] [Mesh API] Tekrar deneniyor... (1/2) -> URL: /api/v1/workflows?_end=10&_order=desc&_sort=started_at&_start=0 (src/lib/api.ts:120:25)
 GET /governance/audit 200 in 282ms (next.js: 84ms, application-code: 198ms)
[browser] [Mesh API] Tekrar deneniyor... (1/2) -> URL: /api/v1/governance/inbox/governor/proof/snapshots?_end=10&_order=desc&_sort=created_at&_start=0 (src/lib/api.ts:120:25)
[browser] [Mesh API] Tekrar deneniyor... (2/2) -> URL: /api/v1/governance/inbox/governor/proof/snapshots?_end=10&_order=desc&_sort=created_at&_start=0 (src/lib/api.ts:120:25)
[browser] [Mesh API] İletişim tamamen çöktü: /api/v1/governance/inbox/governor/proof/snapshots?_end=10&_order=desc&_sort=created_at&_start=0. Hata: API ERROR [404]: Istenen endpoint bu ortamda kullanilamiyor veya bulunamadi. 
    at safeFetchJson (src/lib/api.ts:229:13)
    at async Object.get (src/lib/api.ts:319:22)
  227 |
  228 |     // Tüm ağ denemeleri çöktü.
> 229 |     console.error(`[Mesh API] İletişim tamamen çöktü: ${url}. Hata: ${lastError?.message}`);
      |             ^
  230 |
  231 |     // 3. Degraded Mode: Çevrimdışı Geri Dönüş (Sealed Offline Cache)
  232 |     if (useOfflineFallback && typeof window !== 'undefined') { (src/lib/api.ts:229:13)
 GET /workflows 200 in 54ms (next.js: 6ms, application-code: 47ms)
[browser] [Mesh API] Tekrar deneniyor... (1/2) -> URL: /api/v1/workflows?_end=10&_order=desc&_sort=started_at&_start=0 (src/lib/api.ts:120:25)
[browser] [Mesh API] Tekrar deneniyor... (1/2) -> URL: /api/v1/workflows?_end=10&_order=desc&_sort=started_at&_start=0 (src/lib/api.ts:120:25)
[browser] [Mesh API] Tekrar deneniyor... (2/2) -> URL: /api/v1/workflows?_end=10&_order=desc&_sort=started_at&_start=0 (src/lib/api.ts:120:25)
[browser] [Mesh API] Tekrar deneniyor... (2/2) -> URL: /api/v1/workflows?_end=10&_order=desc&_sort=started_at&_start=0 (src/lib/api.ts:120:25)
[browser] [Mesh API] İletişim tamamen çöktü: /api/v1/workflows?_end=10&_order=desc&_sort=started_at&_start=0. Hata: Failed to fetch 
    at safeFetchJson (src/lib/api.ts:229:13)
    at async WorkflowList.useCallback[load] (src/app/workflows/page.tsx:61:43)
  227 |
  228 |     // Tüm ağ denemeleri çöktü.
> 229 |     console.error(`[Mesh API] İletişim tamamen çöktü: ${url}. Hata: ${lastError?.message}`);
      |             ^
  230 |
  231 |     // 3. Degraded Mode: Çevrimdışı Geri Dönüş (Sealed Offline Cache)
  232 |     if (useOfflineFallback && typeof window !== 'undefined') { (src/lib/api.ts:229:13)
[browser] [Mesh API] İletişim tamamen çöktü: /api/v1/workflows?_end=10&_order=desc&_sort=started_at&_start=0. Hata: Failed to fetch 
    at safeFetchJson (src/lib/api.ts:229:13)
    at async WorkflowList.useCallback[load] (src/app/workflows/page.tsx:61:43)
  227 |
  228 |     // Tüm ağ denemeleri çöktü.
> 229 |     console.error(`[Mesh API] İletişim tamamen çöktü: ${url}. Hata: ${lastError?.message}`);
      |             ^
  230 |
  231 |     // 3. Degraded Mode: Çevrimdışı Geri Dönüş (Sealed Offline Cache)
  232 |     if (useOfflineFallback && typeof window !== 'undefined') { (src/lib/api.ts:229:13)
 GET /governance/lineage 200 in 164ms (next.js: 5ms, application-code: 159ms)
 GET /workflows 200 in 26ms (next.js: 3ms, application-code: 23ms)
[browser] [Mesh API] Tekrar deneniyor... (1/2) -> URL: /api/v1/workflows?_end=10&_order=desc&_sort=started_at&_start=0 (src/lib/api.ts:120:25)
[browser] [Mesh API] Tekrar deneniyor... (1/2) -> URL: /api/v1/workflows?_end=10&_order=desc&_sort=started_at&_start=0 (src/lib/api.ts:120:25)
[browser] [Mesh API] Tekrar deneniyor... (2/2) -> URL: /api/v1/workflows?_end=10&_order=desc&_sort=started_at&_start=0 (src/lib/api.ts:120:25)
[browser] [Mesh API] Tekrar deneniyor... (2/2) -> URL: /api/v1/workflows?_end=10&_order=desc&_sort=started_at&_start=0 (src/lib/api.ts:120:25)
[browser] [Mesh API] İletişim tamamen çöktü: /api/v1/workflows?_end=10&_order=desc&_sort=started_at&_start=0. Hata: Failed to fetch 
    at safeFetchJson (src/lib/api.ts:229:13)
    at async WorkflowList.useCallback[load] (src/app/workflows/page.tsx:61:43)
  227 |
  228 |     // Tüm ağ denemeleri çöktü.
> 229 |     console.error(`[Mesh API] İletişim tamamen çöktü: ${url}. Hata: ${lastError?.message}`);
      |             ^
  230 |
  231 |     // 3. Degraded Mode: Çevrimdışı Geri Dönüş (Sealed Offline Cache)
  232 |     if (useOfflineFallback && typeof window !== 'undefined') { (src/lib/api.ts:229:13)
[browser] [Mesh API] İletişim tamamen çöktü: /api/v1/workflows?_end=10&_order=desc&_sort=started_at&_start=0. Hata: Failed to fetch 
    at safeFetchJson (src/lib/api.ts:229:13)
    at async WorkflowList.useCallback[load] (src/app/workflows/page.tsx:61:43)
  227 |
  228 |     // Tüm ağ denemeleri çöktü.
> 229 |     console.error(`[Mesh API] İletişim tamamen çöktü: ${url}. Hata: ${lastError?.message}`);
      |             ^
  230 |
  231 |     // 3. Degraded Mode: Çevrimdışı Geri Dönüş (Sealed Offline Cache)
  232 |     if (useOfflineFallback && typeof window !== 'undefined') { (src/lib/api.ts:229:13)
 GET /mcp-hub 200 in 112ms (next.js: 69ms, application-code: 43ms)
 GET /mcp-hub 200 in 26ms (next.js: 3ms, application-code: 23ms)
 GET /governance/lineage 200 in 140ms (next.js: 5ms, application-code: 135ms)
 GET /mesh 200 in 273ms (next.js: 87ms, application-code: 186ms)
[browser] [Mesh API] Tekrar deneniyor... (1/2) -> URL: /api/v1/mesh/status (src/lib/api.ts:120:25)
[browser] [Mesh API] Tekrar deneniyor... (2/2) -> URL: /api/v1/mesh/status (src/lib/api.ts:120:25)
[browser] [Mesh API] İletişim tamamen çöktü: /api/v1/mesh/status. Hata: Failed to fetch 
    at safeFetchJson (src/lib/api.ts:229:13)
    at async fetchMeshState (src/app/mesh/page.tsx:47:29)
  227 |
  228 |     // Tüm ağ denemeleri çöktü.
> 229 |     console.error(`[Mesh API] İletişim tamamen çöktü: ${url}. Hata: ${lastError?.message}`);
      |             ^
  230 |
  231 |     // 3. Degraded Mode: Çevrimdışı Geri Dönüş (Sealed Offline Cache)
  232 |     if (useOfflineFallback && typeof window !== 'undefined') { (src/lib/api.ts:229:13)
[browser] [Mesh API] Tekrar deneniyor... (1/2) -> URL: /api/v1/mesh/timeline?limit=15 (src/lib/api.ts:120:25)
[browser] [Mesh API] Tekrar deneniyor... (1/2) -> URL: /api/v1/mesh/status (src/lib/api.ts:120:25)
[browser] [Mesh API] Tekrar deneniyor... (2/2) -> URL: /api/v1/mesh/timeline?limit=15 (src/lib/api.ts:120:25)
[browser] [Mesh API] Tekrar deneniyor... (2/2) -> URL: /api/v1/mesh/status (src/lib/api.ts:120:25)
 GET / 200 in 29ms (next.js: 5ms, application-code: 24ms)
[browser] [Mesh API] Tekrar deneniyor... (1/2) -> URL: /api/v1/workflows?_end=6&_start=0 (src/lib/api.ts:120:25)
[browser] [Mesh API] İletişim tamamen çöktü: /api/v1/mesh/timeline?limit=15. Hata: Failed to fetch 
    at safeFetchJson (src/lib/api.ts:229:13)
    at async fetchMeshState (src/app/mesh/page.tsx:50:33)
  227 |
  228 |     // Tüm ağ denemeleri çöktü.
> 229 |     console.error(`[Mesh API] İletişim tamamen çöktü: ${url}. Hata: ${lastError?.message}`);
      |             ^
  230 |
  231 |     // 3. Degraded Mode: Çevrimdışı Geri Dönüş (Sealed Offline Cache)
  232 |     if (useOfflineFallback && typeof window !== 'undefined') { (src/lib/api.ts:229:13)
[browser] [Mesh API] İletişim tamamen çöktü: /api/v1/mesh/status. Hata: Failed to fetch 
    at safeFetchJson (src/lib/api.ts:229:13)
    at async fetchMeshState (src/app/mesh/page.tsx:47:29)
  227 |
  228 |     // Tüm ağ denemeleri çöktü.
> 229 |     console.error(`[Mesh API] İletişim tamamen çöktü: ${url}. Hata: ${lastError?.message}`);
      |             ^
  230 |
  231 |     // 3. Degraded Mode: Çevrimdışı Geri Dönüş (Sealed Offline Cache)
  232 |     if (useOfflineFallback && typeof window !== 'undefined') { (src/lib/api.ts:229:13)
[browser] [Mesh API] Tekrar deneniyor... (1/2) -> URL: /api/v1/mesh/timeline?limit=15 (src/lib/api.ts:120:25)
[browser] [Mesh API] Tekrar deneniyor... (2/2) -> URL: /api/v1/workflows?_end=6&_start=0 (src/lib/api.ts:120:25)
[browser] [Mesh API] Tekrar deneniyor... (2/2) -> URL: /api/v1/mesh/timeline?limit=15 (src/lib/api.ts:120:25)
[browser] [Mesh API] İletişim tamamen çöktü: /api/v1/workflows?_end=6&_start=0. Hata: Failed to fetch 
    at safeFetchJson (src/lib/api.ts:229:13)
    at async Object.get (src/lib/api.ts:319:22)
  227 |
  228 |     // Tüm ağ denemeleri çöktü.
> 229 |     console.error(`[Mesh API] İletişim tamamen çöktü: ${url}. Hata: ${lastError?.message}`);
      |             ^
  230 |
  231 |     // 3. Degraded Mode: Çevrimdışı Geri Dönüş (Sealed Offline Cache)
  232 |     if (useOfflineFallback && typeof window !== 'undefined') { (src/lib/api.ts:229:13)
[browser] [Mesh API] İletişim tamamen çöktü: /api/v1/mesh/timeline?limit=15. Hata: Failed to fetch 
    at safeFetchJson (src/lib/api.ts:229:13)
    at async fetchMeshState (src/app/mesh/page.tsx:50:33)
  227 |
  228 |     // Tüm ağ denemeleri çöktü.
> 229 |     console.error(`[Mesh API] İletişim tamamen çöktü: ${url}. Hata: ${lastError?.message}`);
      |             ^
  230 |
  231 |     // 3. Degraded Mode: Çevrimdışı Geri Dönüş (Sealed Offline Cache)
  232 |     if (useOfflineFallback && typeof window !== 'undefined') { (src/lib/api.ts:229:13)
 GET /workflows 200 in 26ms (next.js: 3ms, application-code: 23ms)
[browser] [Mesh API] Tekrar deneniyor... (1/2) -> URL: /api/v1/workflows?_end=10&_order=desc&_sort=started_at&_start=0 (src/lib/api.ts:120:25)
[browser] [Mesh API] Tekrar deneniyor... (1/2) -> URL: /api/v1/workflows?_end=10&_order=desc&_sort=started_at&_start=0 (src/lib/api.ts:120:25)
[browser] [Mesh API] Tekrar deneniyor... (2/2) -> URL: /api/v1/workflows?_end=10&_order=desc&_sort=started_at&_start=0 (src/lib/api.ts:120:25)
[browser] [Mesh API] Tekrar deneniyor... (2/2) -> URL: /api/v1/workflows?_end=10&_order=desc&_sort=started_at&_start=0 (src/lib/api.ts:120:25)
[browser] [Mesh API] İletişim tamamen çöktü: /api/v1/workflows?_end=10&_order=desc&_sort=started_at&_start=0. Hata: Failed to fetch 
    at safeFetchJson (src/lib/api.ts:229:13)
    at async WorkflowList.useCallback[load] (src/app/workflows/page.tsx:61:43)
  227 |
  228 |     // Tüm ağ denemeleri çöktü.
> 229 |     console.error(`[Mesh API] İletişim tamamen çöktü: ${url}. Hata: ${lastError?.message}`);
      |             ^
  230 |
  231 |     // 3. Degraded Mode: Çevrimdışı Geri Dönüş (Sealed Offline Cache)
  232 |     if (useOfflineFallback && typeof window !== 'undefined') { (src/lib/api.ts:229:13)
[browser] [Mesh API] İletişim tamamen çöktü: /api/v1/workflows?_end=10&_order=desc&_sort=started_at&_start=0. Hata: Failed to fetch 
    at safeFetchJson (src/lib/api.ts:229:13)
    at async WorkflowList.useCallback[load] (src/app/workflows/page.tsx:61:43)
  227 |
  228 |     // Tüm ağ denemeleri çöktü.
> 229 |     console.error(`[Mesh API] İletişim tamamen çöktü: ${url}. Hata: ${lastError?.message}`);
      |             ^
  230 |
  231 |     // 3. Degraded Mode: Çevrimdışı Geri Dönüş (Sealed Offline Cache)
  232 |     if (useOfflineFallback && typeof window !== 'undefined') { (src/lib/api.ts:229:13)
 GET /workflows 200 in 110ms (next.js: 5ms, application-code: 105ms)
[browser] [Mesh API] Tekrar deneniyor... (1/2) -> URL: /api/v1/workflows?_end=10&_order=desc&_sort=started_at&_start=0 (src/lib/api.ts:120:25)
[browser] [Mesh API] Tekrar deneniyor... (1/2) -> URL: /api/v1/workflows?_end=10&_order=desc&_sort=started_at&_start=0 (src/lib/api.ts:120:25)
[browser] [Mesh API] Tekrar deneniyor... (1/2) -> URL: /api/v1/workflows?_end=10&_order=desc&_sort=started_at&_start=0 (src/lib/api.ts:120:25)
[browser] [Mesh API] Tekrar deneniyor... (2/2) -> URL: /api/v1/workflows?_end=10&_order=desc&_sort=started_at&_start=0 (src/lib/api.ts:120:25)
[browser] [Mesh API] Tekrar deneniyor... (2/2) -> URL: /api/v1/workflows?_end=10&_order=desc&_sort=started_at&_start=0 (src/lib/api.ts:120:25)
[browser] [Mesh API] Tekrar deneniyor... (2/2) -> URL: /api/v1/workflows?_end=10&_order=desc&_sort=started_at&_start=0 (src/lib/api.ts:120:25)
[browser] [Mesh API] İletişim tamamen çöktü: /api/v1/workflows?_end=10&_order=desc&_sort=started_at&_start=0. Hata: Failed to fetch 
    at safeFetchJson (src/lib/api.ts:229:13)
    at async WorkflowList.useCallback[load] (src/app/workflows/page.tsx:61:43)
  227 |
  228 |     // Tüm ağ denemeleri çöktü.
> 229 |     console.error(`[Mesh API] İletişim tamamen çöktü: ${url}. Hata: ${lastError?.message}`);
      |             ^
  230 |
  231 |     // 3. Degraded Mode: Çevrimdışı Geri Dönüş (Sealed Offline Cache)
  232 |     if (useOfflineFallback && typeof window !== 'undefined') { (src/lib/api.ts:229:13)
[browser] [Mesh API] İletişim tamamen çöktü: /api/v1/workflows?_end=10&_order=desc&_sort=started_at&_start=0. Hata: Failed to fetch 
    at safeFetchJson (src/lib/api.ts:229:13)
    at async WorkflowList.useCallback[load] (src/app/workflows/page.tsx:61:43)
  227 |
  228 |     // Tüm ağ denemeleri çöktü.
> 229 |     console.error(`[Mesh API] İletişim tamamen çöktü: ${url}. Hata: ${lastError?.message}`);
      |             ^
  230 |
  231 |     // 3. Degraded Mode: Çevrimdışı Geri Dönüş (Sealed Offline Cache)
  232 |     if (useOfflineFallback && typeof window !== 'undefined') { (src/lib/api.ts:229:13)
[browser] [Mesh API] İletişim tamamen çöktü: /api/v1/workflows?_end=10&_order=desc&_sort=started_at&_start=0. Hata: Failed to fetch 
    at safeFetchJson (src/lib/api.ts:229:13)
    at async WorkflowList.useCallback[load] (src/app/workflows/page.tsx:61:43)
  227 |
  228 |     // Tüm ağ denemeleri çöktü.
> 229 |     console.error(`[Mesh API] İletişim tamamen çöktü: ${url}. Hata: ${lastError?.message}`);
      |             ^
  230 |
  231 |     // 3. Degraded Mode: Çevrimdışı Geri Dönüş (Sealed Offline Cache)
  232 |     if (useOfflineFallback && typeof window !== 'undefined') { (src/lib/api.ts:229:13)
 GET / 200 in 145ms (next.js: 4ms, application-code: 141ms)
[browser] [Mesh API] Tekrar deneniyor... (1/2) -> URL: /api/v1/workflows?_end=6&_start=0 (src/lib/api.ts:120:25)
[browser] [Mesh API] Tekrar deneniyor... (2/2) -> URL: /api/v1/workflows?_end=6&_start=0 (src/lib/api.ts:120:25)
[browser] [Mesh API] İletişim tamamen çöktü: /api/v1/workflows?_end=6&_start=0. Hata: Failed to fetch 
    at safeFetchJson (src/lib/api.ts:229:13)
    at async Object.get (src/lib/api.ts:319:22)
  227 |
  228 |     // Tüm ağ denemeleri çöktü.
> 229 |     console.error(`[Mesh API] İletişim tamamen çöktü: ${url}. Hata: ${lastError?.message}`);
      |             ^
  230 |
  231 |     // 3. Degraded Mode: Çevrimdışı Geri Dönüş (Sealed Offline Cache)
  232 |     if (useOfflineFallback && typeof window !== 'undefined') { (src/lib/api.ts:229:13)
 GET /governance/audit 200 in 131ms (next.js: 5ms, application-code: 126ms)
[browser] [Mesh API] Tekrar deneniyor... (1/2) -> URL: /api/v1/governance/inbox/governor/proof/snapshots?_end=10&_order=desc&_sort=created_at&_start=0 (src/lib/api.ts:120:25)
[browser] [Mesh API] Tekrar deneniyor... (2/2) -> URL: /api/v1/governance/inbox/governor/proof/snapshots?_end=10&_order=desc&_sort=created_at&_start=0 (src/lib/api.ts:120:25)
[browser] [Mesh API] İletişim tamamen çöktü: /api/v1/governance/inbox/governor/proof/snapshots?_end=10&_order=desc&_sort=created_at&_start=0. Hata: API ERROR [404]: Istenen endpoint bu ortamda kullanilamiyor veya bulunamadi. 
    at safeFetchJson (src/lib/api.ts:229:13)
    at async Object.get (src/lib/api.ts:319:22)
  227 |
  228 |     // Tüm ağ denemeleri çöktü.
> 229 |     console.error(`[Mesh API] İletişim tamamen çöktü: ${url}. Hata: ${lastError?.message}`);
      |             ^
  230 |
  231 |     // 3. Degraded Mode: Çevrimdışı Geri Dönüş (Sealed Offline Cache)
  232 |     if (useOfflineFallback && typeof window !== 'undefined') { (src/lib/api.ts:229:13)
 GET /workflows 200 in 154ms (next.js: 5ms, application-code: 149ms)
[browser] [Mesh API] Tekrar deneniyor... (1/2) -> URL: /api/v1/workflows?_end=10&_order=desc&_sort=started_at&_start=0 (src/lib/api.ts:120:25)
[browser] [Mesh API] Tekrar deneniyor... (1/2) -> URL: /api/v1/workflows?_end=10&_order=desc&_sort=started_at&_start=0 (src/lib/api.ts:120:25)
[browser] [Mesh API] Tekrar deneniyor... (1/2) -> URL: /api/v1/workflows?_end=10&_order=desc&_sort=started_at&_start=0 (src/lib/api.ts:120:25)
 GET /workflows 200 in 170ms (next.js: 5ms, application-code: 165ms)
[browser] [Mesh API] Tekrar deneniyor... (1/2) -> URL: /api/v1/workflows?_end=10&_order=desc&_sort=started_at&_start=0 (src/lib/api.ts:120:25)
[browser] [Mesh API] Tekrar deneniyor... (1/2) -> URL: /api/v1/workflows?_end=10&_order=desc&_sort=started_at&_start=0 (src/lib/api.ts:120:25)
[browser] [Mesh API] Tekrar deneniyor... (1/2) -> URL: /api/v1/workflows?_end=10&_order=desc&_sort=started_at&_start=0 (src/lib/api.ts:120:25)
[browser] [Mesh API] Tekrar deneniyor... (2/2) -> URL: /api/v1/workflows?_end=10&_order=desc&_sort=started_at&_start=0 (src/lib/api.ts:120:25)
[browser] [Mesh API] Tekrar deneniyor... (2/2) -> URL: /api/v1/workflows?_end=10&_order=desc&_sort=started_at&_start=0 (src/lib/api.ts:120:25)
[browser] [Mesh API] Tekrar deneniyor... (2/2) -> URL: /api/v1/workflows?_end=10&_order=desc&_sort=started_at&_start=0 (src/lib/api.ts:120:25)
[browser] [Mesh API] İletişim tamamen çöktü: /api/v1/workflows?_end=10&_order=desc&_sort=started_at&_start=0. Hata: Failed to fetch 
    at safeFetchJson (src/lib/api.ts:229:13)
    at async WorkflowList.useCallback[load] (src/app/workflows/page.tsx:61:43)
  227 |
  228 |     // Tüm ağ denemeleri çöktü.
> 229 |     console.error(`[Mesh API] İletişim tamamen çöktü: ${url}. Hata: ${lastError?.message}`);
      |             ^
  230 |
  231 |     // 3. Degraded Mode: Çevrimdışı Geri Dönüş (Sealed Offline Cache)
  232 |     if (useOfflineFallback && typeof window !== 'undefined') { (src/lib/api.ts:229:13)
[browser] [Mesh API] İletişim tamamen çöktü: /api/v1/workflows?_end=10&_order=desc&_sort=started_at&_start=0. Hata: Failed to fetch 
    at safeFetchJson (src/lib/api.ts:229:13)
    at async WorkflowList.useCallback[load] (src/app/workflows/page.tsx:61:43)
  227 |
  228 |     // Tüm ağ denemeleri çöktü.
> 229 |     console.error(`[Mesh API] İletişim tamamen çöktü: ${url}. Hata: ${lastError?.message}`);
      |             ^
  230 |
  231 |     // 3. Degraded Mode: Çevrimdışı Geri Dönüş (Sealed Offline Cache)
  232 |     if (useOfflineFallback && typeof window !== 'undefined') { (src/lib/api.ts:229:13)
[browser] [Mesh API] İletişim tamamen çöktü: /api/v1/workflows?_end=10&_order=desc&_sort=started_at&_start=0. Hata: Failed to fetch 
    at safeFetchJson (src/lib/api.ts:229:13)
    at async WorkflowList.useCallback[load] (src/app/workflows/page.tsx:61:43)
  227 |
  228 |     // Tüm ağ denemeleri çöktü.
> 229 |     console.error(`[Mesh API] İletişim tamamen çöktü: ${url}. Hata: ${lastError?.message}`);
      |             ^
  230 |
  231 |     // 3. Degraded Mode: Çevrimdışı Geri Dönüş (Sealed Offline Cache)
  232 |     if (useOfflineFallback && typeof window !== 'undefined') { (src/lib/api.ts:229:13)
 GET / 200 in 137ms (next.js: 5ms, application-code: 132ms)
[browser] [Mesh API] Tekrar deneniyor... (1/2) -> URL: /api/v1/workflows?_end=6&_start=0 (src/lib/api.ts:120:25)
[browser] [Mesh API] Tekrar deneniyor... (2/2) -> URL: /api/v1/workflows?_end=6&_start=0 (src/lib/api.ts:120:25)
[browser] [Mesh API] İletişim tamamen çöktü: /api/v1/workflows?_end=6&_start=0. Hata: Failed to fetch 
    at safeFetchJson (src/lib/api.ts:229:13)
    at async Object.get (src/lib/api.ts:319:22)
  227 |
  228 |     // Tüm ağ denemeleri çöktü.
> 229 |     console.error(`[Mesh API] İletişim tamamen çöktü: ${url}. Hata: ${lastError?.message}`);
      |             ^
  230 |
  231 |     // 3. Degraded Mode: Çevrimdışı Geri Dönüş (Sealed Offline Cache)
  232 |     if (useOfflineFallback && typeof window !== 'undefined') { (src/lib/api.ts:229:13)
 GET /system-health 200 in 250ms (next.js: 8ms, application-code: 242ms)
[browser] Warning: [antd: Progress] `strokeWidth` is deprecated. Please use `size` instead. 
[browser] A tree hydrated but some attributes of the server rendered HTML didn't match the client properties. This won't be patched up. This can happen if a SSR-ed Client Component used:

- A server/client branch `if (typeof window !== 'undefined')`.
- Variable input such as `Date.now()` or `Math.random()` which changes each time it's called.
- Date formatting in a user's locale which doesn't match the server.
- External changing data without sending a snapshot of it along with the HTML.
- Invalid HTML tag nesting.

It can also happen if the client has a browser extension installed which messes with the HTML before React loaded.

https://react.dev/link/hydration-mismatch

  ...
    <ErrorBoundary errorComponent={undefined} errorStyles={undefined} errorScripts={undefined}>
      <LoadingBoundary name="system-hea..." loading={null}>
        <HTTPAccessFallbackBoundary notFound={undefined} forbidden={undefined} unauthorized={undefined}>
          <RedirectBoundary>
            <RedirectErrorBoundary router={{...}}>
              <InnerLayoutRouter url="/system-he..." tree={[...]} params={{}} cacheNode={{rsc:{...}, ...}} ...>
                <SegmentViewNode type="page" pagePath="system-hea...">
                  <SegmentTrieNode>
                  <ClientPageRoot Component={function SystemHealthPage} serverProvidedParams={{...}}>
                    <SystemHealthPage params={Promise} searchParams={Promise}>
                      <div className="min-h-scre...">
                        <header>
                        <section>
                        <section>
                        <section className="grid grid-...">
                          <div className="lg:col-spa...">
                            <div>
                            <div className="h-64 w-ful...">
                              <div
                                className="flex-1 bg-[var(--primary)] opacity-20 hover:opacity-100 transition-opacity ..."
                                style={{
+                                 height: "75.74106592099649%"
-                                 height: "92.4157%"
                                }}
                              >
                              <div
                                className="flex-1 bg-[var(--primary)] opacity-20 hover:opacity-100 transition-opacity ..."
                                style={{
+                                 height: "81.3270609727374%"
-                                 height: "78.4728%"
                                }}
                              >
                              <div
                                className="flex-1 bg-[var(--primary)] opacity-20 hover:opacity-100 transition-opacity ..."
                                style={{
+                                 height: "64.76885328455738%"
-                                 height: "86.99%"
                                }}
                              >
                              <div
                                className="flex-1 bg-[var(--primary)] opacity-20 hover:opacity-100 transition-opacity ..."
                                style={{
+                                 height: "70.97891719513997%"
-                                 height: "68.4391%"
                                }}
                              >
                              <div
                                className="flex-1 bg-[var(--primary)] opacity-20 hover:opacity-100 transition-opacity ..."
                                style={{
+                                 height: "45.73305359209045%"
-                                 height: "26.1625%"
                                }}
                              >
                              <div
                                className="flex-1 bg-[var(--primary)] opacity-20 hover:opacity-100 transition-opacity ..."
                                style={{
+                                 height: "65.75445297346154%"
-                                 height: "93.7798%"
                                }}
                              >
                              <div
                                className="flex-1 bg-[var(--primary)] opacity-20 hover:opacity-100 transition-opacity ..."
                                style={{
+                                 height: "92.23579841991021%"
-                                 height: "44.7984%"
                                }}
                              >
                              <div
                                className="flex-1 bg-[var(--primary)] opacity-20 hover:opacity-100 transition-opacity ..."
                                style={{
+                                 height: "54.04161539620717%"
-                                 height: "61.7234%"
                                }}
                              >
                              <div
                                className="flex-1 bg-[var(--primary)] opacity-20 hover:opacity-100 transition-opacity ..."
                                style={{
+                                 height: "58.76623189975738%"
-                                 height: "59.5385%"
                                }}
                              >
                              <div
                                className="flex-1 bg-[var(--primary)] opacity-20 hover:opacity-100 transition-opacity ..."
                                style={{
+                                 height: "88.03813149660242%"
-                                 height: "72.8099%"
                                }}
                              >
                              <div
                                className="flex-1 bg-[var(--primary)] opacity-20 hover:opacity-100 transition-opacity ..."
                                style={{
+                                 height: "70.68146901184761%"
-                                 height: "46.0231%"
                                }}
                              >
                              <div
                                className="flex-1 bg-[var(--primary)] opacity-20 hover:opacity-100 transition-opacity ..."
                                style={{
+                                 height: "75.89431812507416%"
-                                 height: "43.9952%"
                                }}
                              >
                              <div
                                className="flex-1 bg-[var(--primary)] opacity-20 hover:opacity-100 transition-opacity ..."
                                style={{
+                                 height: "34.83542334970021%"
-                                 height: "21.2721%"
                                }}
                              >
                              <div
                                className="flex-1 bg-[var(--primary)] opacity-20 hover:opacity-100 transition-opacity ..."
                                style={{
+                                 height: "60.99700906961096%"
-                                 height: "70.8504%"
                                }}
                              >
                              <div
                                className="flex-1 bg-[var(--primary)] opacity-20 hover:opacity-100 transition-opacity ..."
                                style={{
+                                 height: "72.8724255611615%"
-                                 height: "90.9574%"
                                }}
                              >
                              <div
                                className="flex-1 bg-[var(--primary)] opacity-20 hover:opacity-100 transition-opacity ..."
                                style={{
+                                 height: "36.66048239218413%"
-                                 height: "42.6667%"
                                }}
                              >
                              <div
                                className="flex-1 bg-[var(--primary)] opacity-20 hover:opacity-100 transition-opacity ..."
                                style={{
+                                 height: "45.26493800423936%"
-                                 height: "87.6901%"
                                }}
                              >
                              <div
                                className="flex-1 bg-[var(--primary)] opacity-20 hover:opacity-100 transition-opacity ..."
                                style={{
+                                 height: "41.60348971719648%"
-                                 height: "70.2567%"
                                }}
                              >
                              <div
                                className="flex-1 bg-[var(--primary)] opacity-20 hover:opacity-100 transition-opacity ..."
                                style={{
+                                 height: "88.75927531151851%"
-                                 height: "86.7254%"
                                }}
                              >
                              <div
                                className="flex-1 bg-[var(--primary)] opacity-20 hover:opacity-100 transition-opacity ..."
                                style={{
+                                 height: "20.05216027798479%"
-                                 height: "95.4017%"
                                }}
                              >
                              <div
                                className="flex-1 bg-[var(--primary)] opacity-20 hover:opacity-100 transition-opacity ..."
                                style={{
+                                 height: "48.45113549270992%"
-                                 height: "87.3235%"
                                }}
                              >
                              <div
                                className="flex-1 bg-[var(--primary)] opacity-20 hover:opacity-100 transition-opacity ..."
                                style={{
+                                 height: "78.48084331769002%"
-                                 height: "44.6419%"
                                }}
                              >
                              <div
                                className="flex-1 bg-[var(--primary)] opacity-20 hover:opacity-100 transition-opacity ..."
                                style={{
+                                 height: "49.540681818150546%"
-                                 height: "92.7391%"
                                }}
                              >
                              <div
                                className="flex-1 bg-[var(--primary)] opacity-20 hover:opacity-100 transition-opacity ..."
                                style={{
+                                 height: "64.2503818022743%"
-                                 height: "69.2972%"
                                }}
                              >
                              <div
                                className="flex-1 bg-[var(--primary)] opacity-20 hover:opacity-100 transition-opacity ..."
                                style={{
+                                 height: "33.86281992922473%"
-                                 height: "40.0311%"
                                }}
                              >
                              <div
                                className="flex-1 bg-[var(--primary)] opacity-20 hover:opacity-100 transition-opacity ..."
                                style={{
+                                 height: "27.653517042771156%"
-                                 height: "28.6364%"
                                }}
                              >
                              <div
                                className="flex-1 bg-[var(--primary)] opacity-20 hover:opacity-100 transition-opacity ..."
                                style={{
+                                 height: "98.65253505978701%"
-                                 height: "27.6272%"
                                }}
                              >
                              <div
                                className="flex-1 bg-[var(--primary)] opacity-20 hover:opacity-100 transition-opacity ..."
                                style={{
+                                 height: "95.04240076756814%"
-                                 height: "25.5555%"
                                }}
                              >
                              <div
                                className="flex-1 bg-[var(--primary)] opacity-20 hover:opacity-100 transition-opacity ..."
                                style={{
+                                 height: "91.04872639414461%"
-                                 height: "90.7716%"
                                }}
                              >
                              <div
                                className="flex-1 bg-[var(--primary)] opacity-20 hover:opacity-100 transition-opacity ..."
                                style={{
+                                 height: "56.61068431315408%"
-                                 height: "20.8481%"
                                }}
                              >
                              <div
                                className="flex-1 bg-[var(--primary)] opacity-20 hover:opacity-100 transition-opacity ..."
                                style={{
+                                 height: "65.21721835852414%"
-                                 height: "67.35%"
                                }}
                              >
                              <div
                                className="flex-1 bg-[var(--primary)] opacity-20 hover:opacity-100 transition-opacity ..."
                                style={{
+                                 height: "34.75896998078512%"
-                                 height: "75.2628%"
                                }}
                              >
                              <div
                                className="flex-1 bg-[var(--primary)] opacity-20 hover:opacity-100 transition-opacity ..."
                                style={{
+                                 height: "49.09065013965908%"
-                                 height: "58.2449%"
                                }}
                              >
                              <div
                                className="flex-1 bg-[var(--primary)] opacity-20 hover:opacity-100 transition-opacity ..."
                                style={{
+                                 height: "22.339114262756212%"
-                                 height: "68.8816%"
                                }}
                              >
                              <div
                                className="flex-1 bg-[var(--primary)] opacity-20 hover:opacity-100 transition-opacity ..."
                                style={{
+                                 height: "48.70653441304448%"
-                                 height: "66.9182%"
                                }}
                              >
                              <div
                                className="flex-1 bg-[var(--primary)] opacity-20 hover:opacity-100 transition-opacity ..."
                                style={{
+                                 height: "31.52101812912261%"
-                                 height: "31.0891%"
                                }}
                              >
                              <div
                                className="flex-1 bg-[var(--primary)] opacity-20 hover:opacity-100 transition-opacity ..."
                                style={{
+                                 height: "45.328059009783324%"
-                                 height: "96.235%"
                                }}
                              >
                              <div
                                className="flex-1 bg-[var(--primary)] opacity-20 hover:opacity-100 transition-opacity ..."
                                style={{
+                                 height: "29.794610049979006%"
-                                 height: "44.502%"
                                }}
                              >
                              <div
                                className="flex-1 bg-[var(--primary)] opacity-20 hover:opacity-100 transition-opacity ..."
                                style={{
+                                 height: "36.414092708122176%"
-                                 height: "51.9103%"
                                }}
                              >
                              <div
                                className="flex-1 bg-[var(--primary)] opacity-20 hover:opacity-100 transition-opacity ..."
                                style={{
+                                 height: "24.149147603949707%"
-                                 height: "50.2142%"
                                }}
                              >
                            ...
                          ...
                ...
              ...
 
 GET / 200 in 42ms (next.js: 6ms, application-code: 36ms)
[browser] [Mesh API] Tekrar deneniyor... (1/2) -> URL: /api/v1/workflows?_end=6&_start=0 (src/lib/api.ts:120:25)
[browser] [Mesh API] Tekrar deneniyor... (2/2) -> URL: /api/v1/workflows?_end=6&_start=0 (src/lib/api.ts:120:25)
[browser] [Mesh API] İletişim tamamen çöktü: /api/v1/workflows?_end=6&_start=0. Hata: Failed to fetch 
    at safeFetchJson (src/lib/api.ts:229:13)
    at async Object.get (src/lib/api.ts:319:22)
  227 |
  228 |     // Tüm ağ denemeleri çöktü.
> 229 |     console.error(`[Mesh API] İletişim tamamen çöktü: ${url}. Hata: ${lastError?.message}`);
      |             ^
  230 |
  231 |     // 3. Degraded Mode: Çevrimdışı Geri Dönüş (Sealed Offline Cache)
  232 |     if (useOfflineFallback && typeof window !== 'undefined') { (src/lib/api.ts:229:13)
 GET /axiology 200 in 711ms (next.js: 67ms, application-code: 643ms)
 GET /axiology?pageSize=10&currentPage=1 200 in 71ms (next.js: 5ms, application-code: 65ms)
[browser] Warning: Instance created by `useForm` is not connected to any Form element. Forget to pass `form` prop? 
 GET /axiology?pageSize=10&currentPage=1 200 in 90ms (next.js: 6ms, application-code: 84ms)
 GET /axiology?pageSize=10&currentPage=1 200 in 49ms (next.js: 6ms, application-code: 43ms)
 GET /mcp-hub 200 in 265ms (next.js: 4ms, application-code: 261ms)
 GET / 200 in 163ms (next.js: 4ms, application-code: 159ms)
[browser] [Mesh API] Tekrar deneniyor... (1/2) -> URL: /api/v1/workflows?_end=6&_start=0 (src/lib/api.ts:120:25)
[browser] [Mesh API] Tekrar deneniyor... (2/2) -> URL: /api/v1/workflows?_end=6&_start=0 (src/lib/api.ts:120:25)
[browser] [Mesh API] İletişim tamamen çöktü: /api/v1/workflows?_end=6&_start=0. Hata: Failed to fetch 
    at safeFetchJson (src/lib/api.ts:229:13)
    at async Object.get (src/lib/api.ts:319:22)
  227 |
  228 |     // Tüm ağ denemeleri çöktü.
> 229 |     console.error(`[Mesh API] İletişim tamamen çöktü: ${url}. Hata: ${lastError?.message}`);
      |             ^
  230 |
  231 |     // 3. Degraded Mode: Çevrimdışı Geri Dönüş (Sealed Offline Cache)
  232 |     if (useOfflineFallback && typeof window !== 'undefined') { (src/lib/api.ts:229:13)
 GET / 200 in 142ms (next.js: 5ms, application-code: 137ms)
[browser] [Mesh API] Tekrar deneniyor... (1/2) -> URL: /api/v1/workflows?_end=6&_start=0 (src/lib/api.ts:120:25)
[browser] [Mesh API] Tekrar deneniyor... (2/2) -> URL: /api/v1/workflows?_end=6&_start=0 (src/lib/api.ts:120:25)
[browser] [Mesh API] İletişim tamamen çöktü: /api/v1/workflows?_end=6&_start=0. Hata: Failed to fetch 
    at safeFetchJson (src/lib/api.ts:229:13)
    at async Object.get (src/lib/api.ts:319:22)
  227 |
  228 |     // Tüm ağ denemeleri çöktü.
> 229 |     console.error(`[Mesh API] İletişim tamamen çöktü: ${url}. Hata: ${lastError?.message}`);
      |             ^
  230 |
  231 |     // 3. Degraded Mode: Çevrimdışı Geri Dönüş (Sealed Offline Cache)
  232 |     if (useOfflineFallback && typeof window !== 'undefined') { (src/lib/api.ts:229:13)
 GET /governance/audit 200 in 107ms (next.js: 4ms, application-code: 103ms)
[browser] [Mesh API] Tekrar deneniyor... (1/2) -> URL: /api/v1/governance/inbox/governor/proof/snapshots?_end=10&_order=desc&_sort=created_at&_start=0 (src/lib/api.ts:120:25)
[browser] [Mesh API] Tekrar deneniyor... (2/2) -> URL: /api/v1/governance/inbox/governor/proof/snapshots?_end=10&_order=desc&_sort=created_at&_start=0 (src/lib/api.ts:120:25)
 GET /workflows 200 in 104ms (next.js: 6ms, application-code: 98ms)
[browser] [Mesh API] Tekrar deneniyor... (1/2) -> URL: /api/v1/workflows?_end=10&_order=desc&_sort=started_at&_start=0 (src/lib/api.ts:120:25)
[browser] [Mesh API] Tekrar deneniyor... (1/2) -> URL: /api/v1/workflows?_end=10&_order=desc&_sort=started_at&_start=0 (src/lib/api.ts:120:25)
[browser] [Mesh API] Tekrar deneniyor... (1/2) -> URL: /api/v1/workflows?_end=10&_order=desc&_sort=started_at&_start=0 (src/lib/api.ts:120:25)
[browser] [Mesh API] Tekrar deneniyor... (2/2) -> URL: /api/v1/workflows?_end=10&_order=desc&_sort=started_at&_start=0 (src/lib/api.ts:120:25)
[browser] [Mesh API] Tekrar deneniyor... (2/2) -> URL: /api/v1/workflows?_end=10&_order=desc&_sort=started_at&_start=0 (src/lib/api.ts:120:25)
[browser] [Mesh API] Tekrar deneniyor... (2/2) -> URL: /api/v1/workflows?_end=10&_order=desc&_sort=started_at&_start=0 (src/lib/api.ts:120:25)
[browser] [Mesh API] İletişim tamamen çöktü: /api/v1/workflows?_end=10&_order=desc&_sort=started_at&_start=0. Hata: Failed to fetch 
    at safeFetchJson (src/lib/api.ts:229:13)
    at async WorkflowList.useCallback[load] (src/app/workflows/page.tsx:61:43)
  227 |
  228 |     // Tüm ağ denemeleri çöktü.
> 229 |     console.error(`[Mesh API] İletişim tamamen çöktü: ${url}. Hata: ${lastError?.message}`);
      |             ^
  230 |
  231 |     // 3. Degraded Mode: Çevrimdışı Geri Dönüş (Sealed Offline Cache)
  232 |     if (useOfflineFallback && typeof window !== 'undefined') { (src/lib/api.ts:229:13)
[browser] [Mesh API] İletişim tamamen çöktü: /api/v1/workflows?_end=10&_order=desc&_sort=started_at&_start=0. Hata: Failed to fetch 
    at safeFetchJson (src/lib/api.ts:229:13)
    at async WorkflowList.useCallback[load] (src/app/workflows/page.tsx:61:43)
  227 |
  228 |     // Tüm ağ denemeleri çöktü.
> 229 |     console.error(`[Mesh API] İletişim tamamen çöktü: ${url}. Hata: ${lastError?.message}`);
      |             ^
  230 |
  231 |     // 3. Degraded Mode: Çevrimdışı Geri Dönüş (Sealed Offline Cache)
  232 |     if (useOfflineFallback && typeof window !== 'undefined') { (src/lib/api.ts:229:13)
[browser] [Mesh API] İletişim tamamen çöktü: /api/v1/workflows?_end=10&_order=desc&_sort=started_at&_start=0. Hata: Failed to fetch 
    at safeFetchJson (src/lib/api.ts:229:13)
    at async WorkflowList.useCallback[load] (src/app/workflows/page.tsx:61:43)
  227 |
  228 |     // Tüm ağ denemeleri çöktü.
> 229 |     console.error(`[Mesh API] İletişim tamamen çöktü: ${url}. Hata: ${lastError?.message}`);
      |             ^
  230 |
  231 |     // 3. Degraded Mode: Çevrimdışı Geri Dönüş (Sealed Offline Cache)
  232 |     if (useOfflineFallback && typeof window !== 'undefined') { (src/lib/api.ts:229:13)
 GET / 200 in 95ms (next.js: 3ms, application-code: 92ms)
[browser] [Mesh API] Tekrar deneniyor... (1/2) -> URL: /api/v1/workflows?_end=6&_start=0 (src/lib/api.ts:120:25)
[browser] [Mesh API] Tekrar deneniyor... (2/2) -> URL: /api/v1/workflows?_end=6&_start=0 (src/lib/api.ts:120:25)
[browser] [Mesh API] İletişim tamamen çöktü: /api/v1/workflows?_end=6&_start=0. Hata: Failed to fetch 
    at safeFetchJson (src/lib/api.ts:229:13)
    at async Object.get (src/lib/api.ts:319:22)
  227 |
  228 |     // Tüm ağ denemeleri çöktü.
> 229 |     console.error(`[Mesh API] İletişim tamamen çöktü: ${url}. Hata: ${lastError?.message}`);
      |             ^
  230 |
  231 |     // 3. Degraded Mode: Çevrimdışı Geri Dönüş (Sealed Offline Cache)
  232 |     if (useOfflineFallback && typeof window !== 'undefined') { (src/lib/api.ts:229:13)
 GET /login 200 in 275ms (next.js: 5ms, application-code: 270ms)
 GET / 200 in 39ms (next.js: 5ms, application-code: 34ms)
 GET /workflows 200 in 36ms (next.js: 5ms, application-code: 31ms)
 GET /workflows 200 in 34ms (next.js: 7ms, application-code: 27ms)
 GET /workflows/create 200 in 86ms (next.js: 62ms, application-code: 24ms)
 GET /workflows 200 in 22ms (next.js: 3ms, application-code: 18ms)
 GET /ops/handover-status 200 in 30ms (next.js: 6ms, application-code: 24ms)
 GET /workflows 200 in 28ms (next.js: 3ms, application-code: 26ms)
[browser] [Mesh API] Tekrar deneniyor... (1/2) -> URL: /api/v1/workflows?_end=10&_order=desc&_sort=started_at&_start=0 (src/lib/api.ts:120:25)
[browser] [Mesh API] Tekrar deneniyor... (1/2) -> URL: /api/v1/workflows?_end=10&_order=desc&_sort=started_at&_start=0 (src/lib/api.ts:120:25)
[browser] [Mesh API] Tekrar deneniyor... (2/2) -> URL: /api/v1/workflows?_end=10&_order=desc&_sort=started_at&_start=0 (src/lib/api.ts:120:25)
[browser] [Mesh API] Tekrar deneniyor... (2/2) -> URL: /api/v1/workflows?_end=10&_order=desc&_sort=started_at&_start=0 (src/lib/api.ts:120:25)
[browser] [Mesh API] İletişim tamamen çöktü: /api/v1/workflows?_end=10&_order=desc&_sort=started_at&_start=0. Hata: Failed to fetch 
    at safeFetchJson (src/lib/api.ts:229:13)
    at async WorkflowList.useCallback[load] (src/app/workflows/page.tsx:61:43)
  227 |
  228 |     // Tüm ağ denemeleri çöktü.
> 229 |     console.error(`[Mesh API] İletişim tamamen çöktü: ${url}. Hata: ${lastError?.message}`);
      |             ^
  230 |
  231 |     // 3. Degraded Mode: Çevrimdışı Geri Dönüş (Sealed Offline Cache)
  232 |     if (useOfflineFallback && typeof window !== 'undefined') { (src/lib/api.ts:229:13)
[browser] [Mesh API] İletişim tamamen çöktü: /api/v1/workflows?_end=10&_order=desc&_sort=started_at&_start=0. Hata: Failed to fetch 
    at safeFetchJson (src/lib/api.ts:229:13)
    at async WorkflowList.useCallback[load] (src/app/workflows/page.tsx:61:43)
  227 |
  228 |     // Tüm ağ denemeleri çöktü.
> 229 |     console.error(`[Mesh API] İletişim tamamen çöktü: ${url}. Hata: ${lastError?.message}`);
      |             ^
  230 |
  231 |     // 3. Degraded Mode: Çevrimdışı Geri Dönüş (Sealed Offline Cache)
  232 |     if (useOfflineFallback && typeof window !== 'undefined') { (src/lib/api.ts:229:13)
 GET /workflows 200 in 92ms (next.js: 3ms, application-code: 90ms)
[browser] [Mesh API] Tekrar deneniyor... (1/2) -> URL: /api/v1/workflows?_end=10&_order=desc&_sort=started_at&_start=0 (src/lib/api.ts:120:25)
[browser] [Mesh API] Tekrar deneniyor... (1/2) -> URL: /api/v1/workflows?_end=10&_order=desc&_sort=started_at&_start=0 (src/lib/api.ts:120:25)
[browser] [Mesh API] Tekrar deneniyor... (1/2) -> URL: /api/v1/workflows?_end=10&_order=desc&_sort=started_at&_start=0 (src/lib/api.ts:120:25)
[browser] [Mesh API] Tekrar deneniyor... (2/2) -> URL: /api/v1/workflows?_end=10&_order=desc&_sort=started_at&_start=0 (src/lib/api.ts:120:25)
[browser] [Mesh API] Tekrar deneniyor... (2/2) -> URL: /api/v1/workflows?_end=10&_order=desc&_sort=started_at&_start=0 (src/lib/api.ts:120:25)
[browser] [Mesh API] Tekrar deneniyor... (2/2) -> URL: /api/v1/workflows?_end=10&_order=desc&_sort=started_at&_start=0 (src/lib/api.ts:120:25)
[browser] [Mesh API] İletişim tamamen çöktü: /api/v1/workflows?_end=10&_order=desc&_sort=started_at&_start=0. Hata: Failed to fetch 
    at safeFetchJson (src/lib/api.ts:229:13)
    at async WorkflowList.useCallback[load] (src/app/workflows/page.tsx:61:43)
  227 |
  228 |     // Tüm ağ denemeleri çöktü.
> 229 |     console.error(`[Mesh API] İletişim tamamen çöktü: ${url}. Hata: ${lastError?.message}`);
      |             ^
  230 |
  231 |     // 3. Degraded Mode: Çevrimdışı Geri Dönüş (Sealed Offline Cache)
  232 |     if (useOfflineFallback && typeof window !== 'undefined') { (src/lib/api.ts:229:13)
[browser] [Mesh API] İletişim tamamen çöktü: /api/v1/workflows?_end=10&_order=desc&_sort=started_at&_start=0. Hata: Failed to fetch 
    at safeFetchJson (src/lib/api.ts:229:13)
    at async WorkflowList.useCallback[load] (src/app/workflows/page.tsx:61:43)
  227 |
  228 |     // Tüm ağ denemeleri çöktü.
> 229 |     console.error(`[Mesh API] İletişim tamamen çöktü: ${url}. Hata: ${lastError?.message}`);
      |             ^
  230 |
  231 |     // 3. Degraded Mode: Çevrimdışı Geri Dönüş (Sealed Offline Cache)
  232 |     if (useOfflineFallback && typeof window !== 'undefined') { (src/lib/api.ts:229:13)
[browser] [Mesh API] İletişim tamamen çöktü: /api/v1/workflows?_end=10&_order=desc&_sort=started_at&_start=0. Hata: Failed to fetch 
    at safeFetchJson (src/lib/api.ts:229:13)
    at async WorkflowList.useCallback[load] (src/app/workflows/page.tsx:61:43)
  227 |
  228 |     // Tüm ağ denemeleri çöktü.
> 229 |     console.error(`[Mesh API] İletişim tamamen çöktü: ${url}. Hata: ${lastError?.message}`);
      |             ^
  230 |
  231 |     // 3. Degraded Mode: Çevrimdışı Geri Dönüş (Sealed Offline Cache)
  232 |     if (useOfflineFallback && typeof window !== 'undefined') { (src/lib/api.ts:229:13)
 GET /workflows 200 in 12ms (next.js: 4ms, application-code: 7ms)
 GET /workflows 200 in 22ms (next.js: 3ms, application-code: 19ms)
 GET /workflows 200 in 86ms (next.js: 3ms, application-code: 83ms)
[browser] [Mesh API] Tekrar deneniyor... (1/2) -> URL: /api/v1/workflows?_end=10&_order=desc&_sort=started_at&_start=0 (src/lib/api.ts:120:25)
[browser] [Mesh API] Tekrar deneniyor... (1/2) -> URL: /api/v1/workflows?_end=10&_order=desc&_sort=started_at&_start=0 (src/lib/api.ts:120:25)
[browser] [Mesh API] Tekrar deneniyor... (1/2) -> URL: /api/v1/workflows?_end=10&_order=desc&_sort=started_at&_start=0 (src/lib/api.ts:120:25)
[browser] [Mesh API] Tekrar deneniyor... (2/2) -> URL: /api/v1/workflows?_end=10&_order=desc&_sort=started_at&_start=0 (src/lib/api.ts:120:25)
[browser] [Mesh API] Tekrar deneniyor... (2/2) -> URL: /api/v1/workflows?_end=10&_order=desc&_sort=started_at&_start=0 (src/lib/api.ts:120:25)
[browser] [Mesh API] Tekrar deneniyor... (2/2) -> URL: /api/v1/workflows?_end=10&_order=desc&_sort=started_at&_start=0 (src/lib/api.ts:120:25)
[browser] [Mesh API] İletişim tamamen çöktü: /api/v1/workflows?_end=10&_order=desc&_sort=started_at&_start=0. Hata: Failed to fetch 
    at safeFetchJson (src/lib/api.ts:229:13)
    at async WorkflowList.useCallback[load] (src/app/workflows/page.tsx:61:43)
  227 |
  228 |     // Tüm ağ denemeleri çöktü.
> 229 |     console.error(`[Mesh API] İletişim tamamen çöktü: ${url}. Hata: ${lastError?.message}`);
      |             ^
  230 |
  231 |     // 3. Degraded Mode: Çevrimdışı Geri Dönüş (Sealed Offline Cache)
  232 |     if (useOfflineFallback && typeof window !== 'undefined') { (src/lib/api.ts:229:13)
[browser] [Mesh API] İletişim tamamen çöktü: /api/v1/workflows?_end=10&_order=desc&_sort=started_at&_start=0. Hata: Failed to fetch 
    at safeFetchJson (src/lib/api.ts:229:13)
    at async WorkflowList.useCallback[load] (src/app/workflows/page.tsx:61:43)
  227 |
  228 |     // Tüm ağ denemeleri çöktü.
> 229 |     console.error(`[Mesh API] İletişim tamamen çöktü: ${url}. Hata: ${lastError?.message}`);
      |             ^
  230 |
  231 |     // 3. Degraded Mode: Çevrimdışı Geri Dönüş (Sealed Offline Cache)
  232 |     if (useOfflineFallback && typeof window !== 'undefined') { (src/lib/api.ts:229:13)
[browser] [Mesh API] İletişim tamamen çöktü: /api/v1/workflows?_end=10&_order=desc&_sort=started_at&_start=0. Hata: Failed to fetch 
    at safeFetchJson (src/lib/api.ts:229:13)
    at async WorkflowList.useCallback[load] (src/app/workflows/page.tsx:61:43)
  227 |
  228 |     // Tüm ağ denemeleri çöktü.
> 229 |     console.error(`[Mesh API] İletişim tamamen çöktü: ${url}. Hata: ${lastError?.message}`);
      |             ^
  230 |
  231 |     // 3. Degraded Mode: Çevrimdışı Geri Dönüş (Sealed Offline Cache)
  232 |     if (useOfflineFallback && typeof window !== 'undefined') { (src/lib/api.ts:229:13)
[?25h
npm error Lifecycle script `dev` failed with error:
npm error code 1
npm error path E:\ai_company_faz12.1\apps\refine_control_plane
npm error workspace refine_control_plane@0.1.0
npm error location E:\ai_company_faz12.1\apps\refine_control_plane
npm error command failed
npm error command C:\WINDOWS\system32\cmd.exe /d /s /c next dev -p 3100
